run_id,rota_id,ts_epoch,gargalo_Mbps,banda_media_Mbps,util_max_pct,latencia_ms,datetime_utc,tempo_relativo_s,latencia_p95_micro_5s,latencia_jitter_micro_5s,latencia_media_micro_5s,gargalo_min_micro_5s,banda_media_micro_5s,utilizacao_media_micro_5s,latencia_p95_curta_15s,latencia_jitter_curta_15s,latencia_media_curta_15s,gargalo_min_curta_15s,banda_media_curta_15s,utilizacao_media_curta_15s,latencia_p95_longa_30s,latencia_jitter_longa_30s,latencia_media_longa_30s,gargalo_min_longa_30s,banda_media_longa_30s,utilizacao_media_longa_30s,latencia_delta_micro_longa,banda_delta_micro_longa,bdp,melhor_rota
1,h11_h61,1787019210,100.0,100.0,0.0,,2026-08-18T02:13:30,0,,,,100.0,100.0,0.0,,,,100.0,100.0,0.0,,,,100.0,100.0,0.0,,1.0,,
1,h11_h61,1787019211,79.668194,79.73107533333332,20.331806,50.97830637424899,2026-08-18T02:13:31,1,50.97830637424899,,50.97830637424899,79.668194,89.86553766666665,0.10165903,50.97830637424899,,50.97830637424899,79.668194,89.86553766666665,0.10165903,50.97830637424899,,50.97830637424899,79.668194,89.86553766666665,0.10165903,0.0,0.8865266493537144,4061.349602015105,3
1,h11_h61,1787019212,79.31644800000001,79.42744,20.683552,29.78550297302732,2026-08-18T02:13:32,2,49.9186662041879,14.985574997357169,40.381904673638154,79.31644800000001,86.38617177777776,0.13671786,49.9186662041879,14.985574997357169,40.381904673638154,79.31644800000001,86.38617177777776,0.13671786,49.9186662041879,14.985574997357169,40.381904673638154,79.31644800000001,86.38617177777776,0.13671786,0.0,0.9181613951366648,2362.480297713967,4
1,h11_h61,1787019213,79.587032,79.610424,20.412968,51.23017495862371,2026-08-18T02:13:33,3,51.204988100186235,12.30902318326174,43.99799476863334,79.31644800000001,84.69223483333333,0.153570815,51.204988100186235,12.30902318326174,43.99799476863334,79.31644800000001,84.69223483333333,0.153570815,51.204988100186235,12.30902318326174,43.99799476863334,79.31644800000001,84.69223483333333,0.153570815,0.0,0.9365256231115829,4077.257573797583,4
1,h11_h61,1787019214,79.40244,79.44964800000001,20.59756,66.4720698296055,2026-08-18T02:13:34,4,64.18578559895823,15.075776827268395,49.61651353387638,79.31644800000001,83.64371746666667,0.164051772,64.18578559895823,15.075776827268395,49.61651353387638,79.31644800000001,83.64371746666667,0.164051772,64.18578559895823,15.075776827268395,49.61651353387638,79.31644800000001,83.64371746666667,0.164051772,0.0,0.948265457374116,5278.044536321061,3
1,h11_h61,1787019215,78.81424,78.83039466666666,21.185760000000002,33.28774069575432,2026-08-18T02:13:35,5,63.42369085540914,14.959446837667514,46.350758966251966,78.81424,79.4097964,0.20642329199999998,63.42369085540914,14.959446837667514,46.350758966251966,78.81424,82.841497,0.17201941,63.42369085540914,14.959446837667514,46.350758966251966,78.81424,82.841497,0.17201941,0.0,0.9513859943887782,2623.547984252948,4
1,h11_h61,1787019216,79.530688,79.56237933333334,20.469312,47.45474805312639,2026-08-18T02:13:36,6,63.42369085540914,14.768731352067869,45.64604730202745,78.81424,79.3760572,0.20669830400000003,62.66159611186005,13.387724666095808,46.534757147397706,78.81424,82.37305161904762,0.17668708285714285,62.66159611186005,13.387724666095808,46.534757147397706,78.81424,82.37305161904762,0.17668708285714285,-0.8887098453702578,0.9567964091520352,3774.108761531802,4
1,h11_h61,1787019217,79.184544,79.22798933333333,20.815455999999998,41.10575833334535,2026-08-18T02:13:37,7,63.42369085540914,12.408559789723848,47.910098374091056,78.81424,79.33616706666666,0.206962112,61.89950136831095,12.392331710596894,45.759185888247366,78.81424,81.97991883333333,0.1806205175,61.89950136831095,12.392331710596894,45.759185888247366,78.81424,81.97991883333333,0.1806205175,2.1509124858436905,0.961384703981359,3254.9407294001517,3
1,h11_h61,1787019218,79.408558,79.42788333333334,20.591442,29.014411562325577,2026-08-18T02:13:38,8,62.66860547430968,14.690179263080081,43.46694569483143,78.81424,79.29965893333333,0.20731906000000003,61.137406624761866,12.910451719305263,43.66608909750715,78.81424,81.69635933333333,0.1834309511111111,61.137406624761866,12.910451719305263,43.66608909750715,78.81424,81.69635933333333,0.1834309511111111,-0.19914340267571617,0.9647215695184915,2303.992583382801,1
1,h11_h61,1787019219,79.31488,79.367056,20.68512,26.80542219893224,2026-08-18T02:13:39,9,46.18495010917018,8.615211968119953,35.53361616869678,78.81424,79.28314053333334,0.20749417999999997,60.37531188121278,13.32034878833981,41.79268166433215,78.81424,81.46342899999999,0.185772976,60.37531188121278,13.32034878833981,41.79268166433215,78.81424,81.46342899999999,0.185772976,-6.259065495635369,0.9674800210042719,2126.0688450576467,1
1,h11_h61,1787019220,79.375264,79.405968,20.624736,26.79176655841242,2026-08-18T02:13:40,10,46.18495010917018,9.484513047500258,34.23442134122839,79.184544,79.39825520000001,0.20637213199999999,59.613217137663675,13.424597007639525,40.292590153740186,78.81424,81.2763870909091,0.18763428363636364,59.613217137663675,13.424597007639525,40.292590153740186,78.81424,81.2763870909091,0.18763428363636364,-6.058168812511795,0.9742625974679543,2126.603543600357,4
1,h11_h61,1787019221,79.720644,79.74852333333332,20.279356,59.29888762857098,2026-08-18T02:13:41,11,55.66026176952585,14.01086769650882,36.60324925631731,79.184544,79.435484,0.20599221999999998,62.88547872908824,13.965592170484404,42.0204353787248,78.81424,81.14906511111111,0.18889755666666666,62.88547872908824,13.965592170484404,42.0204353787248,78.81424,81.14906511111111,0.18889755666666666,-5.417186122407486,0.9757912046377707,4727.345510233311,4
1,h11_h61,1787019222,79.016096,79.036224,20.983904,30.411468380651705,2026-08-18T02:13:42,12,53.52140377898712,13.967906512263918,34.46439126577859,79.016096,79.39713093333334,0.206329116,62.52681961903651,13.73090437746879,41.05302146221871,78.81424,80.98653887179488,0.19050843999999997,62.52681961903651,13.73090437746879,41.05302146221871,78.81424,80.98653887179488,0.19050843999999997,-6.588630196440121,0.9756695013857282,2402.99550506654,1
1,h11_h61,1787019223,79.974734,80.01792266666666,20.025266,48.20755755224691,2026-08-18T02:13:43,13,57.080621613306164,14.713145648983108,38.30302046376285,79.016096,79.5151388,0.20519676399999998,62.168160508984776,13.295252851540704,41.60337039222088,78.81424,80.91735200000001,0.1912044557142857,62.168160508984776,13.295252851540704,41.60337039222088,78.81424,80.91735200000001,0.1912044557142857,-3.300349928458033,0.9765037293855092,3855.3865920306375,4
1,h11_h61,1787019224,79.267988,79.350778,20.732012,52.226551021033295,2026-08-18T02:13:44,14,57.88442030706344,14.127365277667657,43.38724622818306,79.016096,79.5118832,0.20529054800000002,61.80950139893306,13.085388482363646,42.36216900856463,78.81424,80.81291373333333,0.19227883333333334,61.80950139893306,13.085388482363646,42.36216900856463,78.81424,80.81291373333333,0.19227883333333334,1.0250772196184315,0.977765710326168,4139.893619616655,4
1,h11_h61,1787019225,88.38556096,88.43648832000001,11.61443904,46.34764319270467,2026-08-18T02:13:45,15,57.88442030706344,10.667677128658864,47.298421555041514,79.016096,81.317987264,0.18726995408,61.45084228888133,12.651316033711467,42.62786728750729,78.81424,80.04201295466667,0.2000217926933333,61.45084228888133,12.651316033711467,42.62786728750729,78.81424,81.289387145,0.18752043065,4.6705542675342215,0.9720345887102702,4096.462442761128,4
1,h11_h61,1787019226,99.99688576,99.99714528,0.00311424,54.37420730513099,2026-08-18T02:13:46,16,53.94467604831145,9.439311468889928,46.313485490353514,79.016096,85.36771165333334,0.14671747055999998,61.45084228888133,12.840391139775393,42.85426068289942,78.81424,81.39308428444444,0.18646933152,61.092183178829615,12.570160793745782,43.36201353860877,78.81424,82.38984350588235,0.17649164898823527,2.951471951744743,0.9590514150492169,5437.25139618174,4
1,h11_h61,1787019227,99.996864,99.996864,0.003136,44.70680963251672,2026-08-18T02:13:47,17,53.94467604831145,4.038511696167282,49.172553740726514,79.267988,89.55983965333333,0.10475593456,61.45084228888133,12.323193892828769,43.849014460198724,78.81424,82.76437921777779,0.17268238752,60.73352406877788,12.175375331152384,43.441119191191596,78.81424,83.36801131111112,0.1666882996,5.731434549534917,0.9508201857447369,4470.540762696665,1
1,h11_h61,1787019228,99.99688576,99.99688576,0.00311424,40.33326478080039,2026-08-18T02:13:48,18,53.94467604831145,5.701737042856335,47.597695186437214,79.267988,93.555632272,0.06471163104000001,61.45084228888133,12.177315845534393,43.12255378167717,78.81424,84.12347666844445,0.15907581834666668,60.37486495872615,11.834541648677748,43.26846061283653,78.81424,84.24321522947369,0.15791687027368423,4.3292345736006865,0.9409421017951244,4033.200870613528,4
1,h11_h61,1787019229,99.996864,99.99712533333333,0.003136,43.094889375042285,2026-08-18T02:13:49,19,52.76889448264572,5.296478220898425,45.77136285723901,88.38556096,97.68490173866667,0.02325387904,55.85161140216298,10.331596214456109,41.56407508470628,78.81424,85.49330849066668,0.14534620234666668,60.01620584867442,11.501176108765883,43.25932528453156,78.81424,85.03091073466666,0.15002259476000002,2.512037572707449,1.039452126248551,4309.353791931148,4
1,h11_h61,1787019230,99.99686712,99.99738928,0.00313288,35.751087941175015,2026-08-18T02:13:50,20,52.440727770608135,6.888888515328834,43.65205180693308,99.996864,99.99708193066667,3.126672e-05,55.85161140216298,10.209501508432403,41.728298234400995,79.016096,86.90444146488888,0.13122445093333332,59.65754673862271,11.319619392269924,42.883913417363736,78.81424,85.74360018920635,0.14288015352380953,0.7681383895693443,1.1662312263462422,3574.9967902491126,4
1,h11_h61,1787019231,99.995296,99.99608,0.004704,27.564810956838116,2026-08-18T02:13:51,21,44.38442558102184,6.890447972301482,38.29017253727451,99.995296,99.99686887466666,3.444623999999999e-05,55.85161140216298,10.69283159700011,40.40230242798178,79.016096,88.26668817599999,0.11758137893333333,59.29888762857098,11.528316844795391,42.154432347814904,78.81424,86.39144018060607,0.1363877392727273,-3.8642598105403962,1.1574676355777183,2756.3514308130707,4
1,h11_h61,1787019232,99.998432,99.998432,0.001568,27.841825351734222,2026-08-18T02:13:52,22,42.54256445619391,7.089116330250817,34.917175681118,99.995296,99.99718247466667,3.131023999999999e-05,55.85161140216298,11.168370534347348,39.518040229207706,79.016096,89.65138435377779,0.1037054536,59.05265361239898,11.656964213527825,41.50385930253851,78.81424,86.98304852057971,0.13045851930434782,-6.586683621420505,1.1495952107995118,2784.1388791912705,4
1,h11_h61,1787019233,99.99689816,99.99689816,0.0031018400000000002,34.13752500270661,2026-08-18T02:13:53,23,41.62612908826883,6.415190510429006,33.67802772549925,99.995296,99.99718495466666,3.128543999999999e-05,55.85161140216298,10.899308568078618,39.85958112523311,79.016096,91.0226520088889,0.08997989349333332,58.806419596226974,11.49206195104281,41.18358389819799,78.81424,87.52529225555556,0.12502404009999998,-7.505556172698739,1.1424731460254327,3413.6466111301065,1
1,h11_h61,1787019234,99.996864,99.996864,0.003136,48.828881635060014,2026-08-18T02:13:54,24,46.21332289628301,8.644565266035984,34.8248261775028,99.995296,99.997132688,3.128543999999999e-05,55.85161140216298,10.490916990870959,41.327811754308286,79.016096,92.39797254222223,0.07619190415999999,58.56018558005497,11.347284429520428,41.50213797056724,78.81424,88.02415512533332,0.12002433289600001,-6.67731179306444,1.1359983615590692,4882.735036133194,3
1,h11_h61,1787019235,99.99687024,99.99687024,0.0031297600000000005,46.57625995015847,2026-08-18T02:13:55,25,48.378357298079706,10.157699045655944,36.98986057929948,99.995296,99.99702887999999,3.1279200000000004e-05,55.85161140216298,9.750403912050036,42.64677798042469,79.016096,93.77069935822222,0.06244416666666667,58.313951563882966,11.154626685018913,41.705102849750894,78.81424,88.48464416820512,0.11540921615384615,-4.715242270451412,1.1300864340926056,4657.480222500506,3
1,h11_h61,1787019236,99.9968796,99.9968796,0.0031204000000000006,29.099544756791936,2026-08-18T02:13:56,26,48.378357298079706,9.81923929632775,37.296807339290254,99.996864,99.9971888,2.8112e-05,52.8708479062626,9.16678796329504,40.63348845563942,79.016096,95.120589776,0.04892667626666667,58.067717547710984,11.205365265438143,41.22027369232939,78.81424,88.9110232582716,0.11113595644444445,-3.9234663530391387,1.1246846604107332,2909.8636734597344,4
1,h11_h61,1787019237,99.996864,99.996864,0.003136,35.36706800101339,2026-08-18T02:13:57,27,48.378357298079706,8.495163264716673,38.80185586914608,99.996864,99.9968752,3.1248e-05,52.8708479062626,8.856104892138289,40.96386176366354,79.267988,96.517965776,0.034939497599999994,57.82148353153898,11.045354741749916,41.003488296354725,78.81424,89.30694614190476,0.10716793514285713,-2.2016324272086436,1.119698616064079,3536.595888976088,3
1,h11_h61,1787019238,99.996864,99.996864,0.003136,51.53096481430585,2026-08-18T02:13:58,28,50.99054817845668,9.597383471380988,42.280543831465934,99.996864,99.99686836800001,3.131632e-05,52.8708479062626,9.08878632684713,41.185422247800794,79.267988,97.84989519822221,0.021591410933333336,57.57524951536698,11.019958363726643,41.37946960056727,78.81424,89.67556399908047,0.1034735704827586,0.901074230898665,1.115096014350413,5152.934880324927,3
1,h11_h61,1787019239,99.99690424,99.99690626666667,0.0030957600000000004,52.668897703217915,2026-08-18T02:13:59,29,52.441311125435504,10.374573503052678,43.048547045097514,99.996864,99.99687682133333,3.123584e-05,53.18049058379184,9.127803505825389,41.214912026613106,88.38556096,99.22630374933333,0.00777213344,57.32901549919497,11.022578032489402,41.7687602247966,78.81424,90.01960874133333,0.10002548338666666,1.279786820300913,1.110834243762776,5266.726720055038,3
1,h12_h62,1787019210,100.0,100.0,0.0,,2026-08-18T02:13:30,0,,,,100.0,100.0,0.0,,,,100.0,100.0,0.0,,,,100.0,100.0,0.0,,1.0,,
1,h12_h62,1787019211,79.711488,93.23391466666668,20.288512,75.5599320357908,2026-08-18T02:13:31,1,75.5599320357908,,75.5599320357908,79.711488,96.61695733333335,0.10144256,75.5599320357908,,75.5599320357908,79.711488,96.61695733333335,0.10144256,75.5599320357908,,75.5599320357908,79.711488,96.61695733333335,0.10144256,0.0,0.8250258567447055,6022.994615751753,3
1,h12_h62,1787019212,78.874624,92.95507199999999,21.125376000000003,41.27016018594317,2026-08-18T02:13:32,2,73.84544344329841,24.24653020036684,58.41504611086698,78.874624,95.39632888888889,0.13804629333333332,73.84544344329841,24.24653020036684,58.41504611086698,78.874624,95.39632888888889,0.13804629333333332,73.84544344329841,24.24653020036684,58.41504611086698,78.874624,95.39632888888889,0.13804629333333332,0.0,0.8268098460252884,3255.1683670860375,4
1,h12_h62,1787019213,79.981512,93.32587821333334,20.018488,60.72723704051295,2026-08-18T02:13:33,3,74.07666253626302,17.19677844860377,59.18577642074897,78.874624,94.87871622,0.15358094,74.07666253626302,17.19677844860377,59.18577642074897,78.874624,94.87871622,0.15358094,74.07666253626302,17.19677844860377,59.18577642074897,78.874624,94.87871622,0.15358094,0.0,0.8313205231098351,4857.05623808263,4
1,h12_h62,1787019214,79.718628,93.23823992,20.281372,88.0162879209011,2026-08-18T02:13:34,4,86.14783453813456,20.123428907958914,66.39340429578701,78.874624,94.55062096,0.163427496,86.14783453813456,20.123428907958914,66.39340429578701,78.874624,94.55062096,0.163427496,86.14783453813456,20.123428907958914,66.39340429578701,78.874624,94.55062096,0.163427496,0.0,0.834205245816082,7016.537714707209,3
1,h12_h62,1787019215,78.52816,92.83932266666666,21.47184,45.878491781684325,2026-08-18T02:13:35,5,85.52501674387904,19.69483740355616,62.29042179296647,78.52816,93.11848549333334,0.20637117600000005,85.52501674387904,19.69483740355616,62.29042179296647,78.52816,94.26540457777777,0.17197598000000003,85.52501674387904,19.69483740355616,62.29042179296647,78.52816,94.26540457777777,0.17197598000000003,0.0,0.8330538690385286,3602.753543190792,4
1,h12_h62,1787019216,79.74098599999999,93.24430909333334,20.259014,69.71642585963771,2026-08-18T02:13:36,6,84.35631550864842,18.86652328091817,61.121720557735856,78.52816,93.12056437866667,0.20631218,84.90219894962352,17.87456905816328,63.528089137411676,78.52816,94.11953379428572,0.17634943142857143,84.90219894962352,17.87456905816328,63.528089137411676,78.52816,94.11953379428572,0.17634943142857143,-2.4063685796758207,0.8343449742498372,5559.256538443408,4
1,h12_h62,1787019217,79.279904,93.09094933333334,20.720096,61.45195624049657,2026-08-18T02:13:37,7,84.35631550864842,15.39761694915345,65.15807976864653,78.52816,93.14773984533333,0.20550162,84.279381155368,16.336032064967103,63.23149872356665,78.52816,93.99096073666666,0.18020587250000003,84.279381155368,16.336032064967103,63.23149872356665,78.52816,93.99096073666666,0.18020587250000003,1.9265810450798782,0.8354862997944174,4871.905191358769,3
1,h12_h62,1787019218,79.472606,93.15571328,20.527394,63.07625347903635,2026-08-18T02:13:38,8,84.35631550864842,15.263882931813233,65.62788305635121,78.52816,93.11370685866667,0.20651943199999998,83.65656336111249,15.12432643230296,63.21209306800037,78.52816,93.8981554637037,0.18299121333333332,83.65656336111249,15.12432643230296,63.21209306800037,78.52816,93.8981554637037,0.18299121333333332,2.415789988350838,0.8363120618525359,5012.834240695585,1
1,h12_h62,1787019219,79.39627,93.12949741333334,20.60373,41.27072486474036,2026-08-18T02:13:39,9,68.38839138351744,12.11347842621032,56.278770445119065,78.52816,93.09195835733333,0.20716414800000002,83.03374556685698,15.92619255128006,60.77416326763815,78.52816,93.82128965866667,0.185295822,83.03374556685698,15.92619255128006,60.77416326763815,78.52816,93.82128965866667,0.185295822,-4.4953928225190865,0.8369972346968908,3276.741614456639,1
1,h12_h62,1787019220,79.13389000000001,93.04254141333335,20.86611,39.31308480554597,2026-08-18T02:13:40,10,68.38839138351744,13.765838310109439,54.96568904989139,79.13389000000001,93.13260210666667,0.205952688,82.41092777260145,16.477826762464282,58.628055421428925,78.52816,93.75049436363638,0.18741993818181818,82.41092777260145,16.477826762464282,58.628055421428925,78.52816,93.75049436363638,0.18741993818181818,-3.662366371537537,0.8440903755990666,3110.9973285627466,4
1,h12_h62,1787019221,80.174318,93.38988533333334,19.825682,69.38450130359703,2026-08-18T02:13:41,11,68.1228517386849,13.677436648686527,54.89930413868326,79.13389000000001,93.16171735466666,0.205086024,81.78810997834594,15.965123917386224,59.605914137989664,78.52816,93.72044361111112,0.18832301166666668,81.78810997834594,15.965123917386224,59.605914137989664,78.52816,93.72044361111112,0.18832301166666668,-4.7066099993064014,0.8443610268039556,5562.8550717860035,4
1,h12_h62,1787019222,79.395256,93.12942789333333,20.604744,74.98548448818882,2026-08-18T02:13:42,12,73.86528785127047,16.372043299589862,57.606009788221705,79.13389000000001,93.16941306666666,0.20485531999999998,81.16529218409043,15.856378324076406,60.887545000506265,78.52816,93.67498086358975,0.18968642923076925,81.16529218409043,15.856378324076406,60.887545000506265,78.52816,93.67498086358975,0.18968642923076925,-3.2815352122845596,0.8447708157553339,5953.491737223781,1
1,h12_h62,1787019223,78.598026,92.86365901333333,21.401974,69.63402736004657,2026-08-18T02:13:43,13,73.91519306256036,17.163361910119182,58.917564564423756,78.598026,93.11100221333334,0.20660447999999995,80.54247438983491,15.373918211375805,61.560351335855515,78.52816,93.61702930285715,0.19142452285714284,80.54247438983491,15.373918211375805,61.560351335855515,78.52816,93.61702930285715,0.19142452285714284,-2.6427867714317586,0.8395697512012511,5473.097092929652,4
1,h12_h62,1787019224,79.991272,93.32859648,20.008728,72.03855401583162,2026-08-18T02:13:44,14,74.39609839371738,14.575163111389237,65.071130394642,78.598026,93.15082202666667,0.205414476,79.9196565955794,15.03390713197286,62.30879438442524,78.52816,93.597800448,0.19200203999999998,79.9196565955794,15.03390713197286,62.30879438442524,78.52816,93.597800448,0.19200203999999998,2.7623360102167567,0.8397422335118505,5762.455568767079,4
1,h12_h62,1787019225,89.066224,96.353056,10.933776,58.6474845431209,2026-08-18T02:13:45,15,74.39609839371738,6.179887331249529,68.938010342157,78.598026,93.812924944,0.18554980800000004,79.29683880132387,14.517846745897897,62.06470706167161,78.52816,93.35467084800001,0.19929122400000002,79.29683880132387,14.517846745897897,62.06470706167161,78.52816,93.77000392000001,0.18683552250000002,6.873303280485388,0.8382000929322345,5223.509995354144,4
1,h12_h62,1787019226,99.99687648,99.99713677333334,0.0031235199999999994,69.84605790769061,2026-08-18T02:13:46,16,74.39609839371738,6.191660096666747,69.0303216629757,78.598026,95.134375232,0.14590469103999998,78.89472551800249,14.210162371244657,61.683782119798266,78.52816,93.8055523217778,0.18576763168,78.67402100706838,14.159838323230325,62.5510414895478,78.52816,94.13630585254903,0.1758470350117647,6.479280173427895,0.8349384999567807,6984.387625210265,4
1,h12_h62,1787019227,99.99691032,99.99691032,0.00308968,65.21720814542537,2026-08-18T02:13:47,17,71.60005479420342,5.323031206273062,67.07666639442303,78.598026,96.50787171733334,0.1047013824,78.89472551800249,13.05083577855097,63.28025198376375,78.52816,94.27500820977777,0.17168610746666668,78.05120321281285,13.725445395630778,62.70787482224649,78.52816,94.46189498962963,0.16607947177777777,4.368791572176541,0.8320606526962939,6521.519314238874,1
1,h12_h62,1787019228,99.99611112,99.99662962666666,0.00388888,52.368478730748706,2026-08-18T02:13:48,18,71.60005479420342,8.116487852499127,63.62355666856344,79.991272,97.93446584,0.06190521216000001,78.89472551800249,13.342818803675152,62.72300142977947,78.52816,94.71972497066668,0.15834304138666666,77.42838541855733,13.536811838399384,62.13346392827438,78.52816,94.75319681263159,0.15734049372631578,1.4900927402890574,0.8442065776226806,5236.644218345304,4
1,h12_h62,1787019229,99.996864,99.996864,0.003136,51.08331010235747,2026-08-18T02:13:49,19,68.92028795523755,8.095224739485841,59.43250788586861,89.066224,99.268119344,0.021894028160000002,72.92263315753878,11.641143598995082,60.260802908543226,78.52816,95.17029990933334,0.14482421738666665,76.8055676243018,13.397447816661108,61.551876884805075,78.52816,95.01538017200001,0.14947503704000004,-2.1193689989364657,0.9373874402098835,5108.170812975266,4
1,h12_h62,1787019230,99.996864,99.996864,0.003136,45.87650364186767,2026-08-18T02:13:50,20,68.92028795523755,10.157017932319162,56.87831170561797,99.99611112,99.996880944,3.2748159999999996e-05,72.92263315753878,11.641319058404294,60.260670365888785,78.598026,95.64746933155556,0.13051174805333335,76.18274983004632,13.50298291410372,60.7681082226582,78.52816,95.25259368761905,0.14235867146666667,-3.8897965170402315,1.0497993518994067,4587.506495471346,4
1,h12_h62,1787019231,99.99686712,99.99686712,0.00313288,38.272544280628935,2026-08-18T02:13:51,21,62.64746226249004,9.890586945039908,50.56360898020563,99.99611112,99.99682701333333,3.276688e-05,72.92263315753878,12.60792323465688,58.16441159395486,78.598026,96.09763986666667,0.11700782730666667,75.5599320357908,14.046766822132378,59.696890892085385,78.52816,95.46824248000001,0.13588924680000003,-9.133281911879756,1.047428008753262,3827.134524774368,4
1,h12_h62,1787019232,99.996892,99.996892,0.003108,48.93948498760229,2026-08-18T02:13:52,22,52.11144500507046,5.617201182026741,47.30806434864101,99.99611112,99.99682334933334,3.280351999999999e-05,72.92263315753878,12.787521972349873,57.33024684376191,78.598026,96.55803604444445,0.10319650197333333,75.53120965841069,13.898774978410625,59.207917896427055,78.52816,95.66514028521739,0.1299823699826087,-11.899853547786044,1.0452721944678092,4893.796394840888,4
1,h12_h62,1787019233,99.99691336,99.99742703999999,0.00308664,59.82465789714629,2026-08-18T02:13:53,23,58.07638833818852,7.844587230457185,48.79930018192053,99.996864,99.996982832,3.119904e-05,72.92263315753878,12.710486926443421,57.11347380496924,78.598026,97.01415029511112,0.0895136304,75.5024872810306,13.579829116594183,59.23473267906702,78.52816,95.84565223333334,0.124567724,-10.435432497146493,1.043311424878832,5982.2811325325765,1
1,h12_h62,1787019234,99.996864,99.99686608,0.003136,61.58154397403599,2026-08-18T02:13:54,24,61.23016675865805,9.775948386531814,50.89894695625624,99.996864,99.996983248,3.119904e-05,72.92263315753878,11.962022313382128,58.46752841225562,78.598026,97.4719748728889,0.07577990106666666,75.47376490365049,13.289971272106197,59.33251648302407,78.52816,96.01170078720001,0.11958626944,-8.433569526767833,1.0415070577869743,6157.961277681697,3
1,h12_h62,1787019235,99.99608392,99.99660605333334,0.00391608,55.73801322645723,2026-08-18T02:13:55,25,61.23016675865805,9.500242348070604,52.871248873174146,99.99608392,99.99693165866667,3.27592e-05,72.92263315753878,10.776402840686792,59.56252364031637,78.598026,97.93557918222221,0.061871771786666675,75.4450425262704,13.029998038218379,59.18873635276139,78.52816,96.16496637435898,0.11498830372307692,-6.317487479587243,1.0398390150808865,5573.583048126887,3
1,h12_h62,1787019236,99.99608392,99.99660501333334,0.00391608,39.77764381080469,2026-08-18T02:13:56,26,61.23016675865805,8.928685114814716,53.1722687792093,99.99608392,99.99687923733333,3.4325599999999995e-05,72.92263315753878,11.533691346897593,57.588733140796876,78.598026,98.3760271608889,0.048657261173333334,75.41632014889029,13.322220451354566,58.44215587037844,78.52816,96.30687891654321,0.11073092805925926,-5.269887091169146,1.0383067652587283,3977.6086086450946,4
1,h12_h62,1787019237,99.99687336,99.99713392,0.00312664,48.01808755449292,2026-08-18T02:13:57,27,61.23016675865805,9.046615421565615,52.98798929258743,99.99608392,99.99692762133334,3.436288e-05,70.50380674013292,10.699906891675544,55.790906678550485,78.598026,98.83387422933333,0.0349228496,75.3875977715102,13.216649836210662,58.05607926608639,78.52816,96.43867373809523,0.10677736871428573,-5.068089973498964,1.0368877966070527,4801.658620176021,3
1,h12_h62,1787019238,99.99686712,99.99738925333334,0.00313288,58.24048514509275,2026-08-18T02:13:58,28,60.91333220824734,8.77085738045589,52.67115474217671,99.99608392,99.99692006400001,3.445536e-05,70.50380674013292,10.030476282601779,55.03133719755356,79.991272,99.30945624533334,0.020656955520000003,75.3588753941301,12.969634687826638,58.06266519033661,78.52816,96.5613880662069,0.10309647078620689,-5.391510448159899,1.035570075395334,5823.866054058174,3
1,h12_h62,1787019239,99.99580688,99.99654250666667,0.00419312,62.91121865550653,2026-08-18T02:13:59,29,61.977071953423774,9.121705192661723,52.93708967847083,99.99580688,99.99685534933333,3.6569599999999996e-05,66.60586307410495,9.164526279097897,54.42284817353189,89.066224,99.75398598044445,0.007320598933333334,75.33015301675,12.76771357768019,58.22985668913557,78.52816,96.67589321422223,0.09966131946666668,-5.292767010664747,1.0343406567593976,6290.858071261485,3
1,h13_h63,1787019210,100.0,100.0,0.0,,2026-08-18T02:13:30,0,,,,100.0,100.0,0.0,,,,100.0,100.0,0.0,,,,100.0,100.0,0.0,,1.0,,
1,h13_h63,1787019211,99.9945984,99.99562730666666,0.005401600000000001,48.58187959659061,2026-08-18T02:13:31,1,48.58187959659061,,48.58187959659061,99.9945984,99.99781365333334,2.7008000000000006e-05,48.58187959659061,,48.58187959659061,99.9945984,99.99781365333334,2.7008000000000006e-05,48.58187959659061,,48.58187959659061,99.9945984,99.99781365333334,2.7008000000000006e-05,0.0,0.9999678467636854,4857.925539778232,3
1,h13_h63,1787019212,99.99608,99.99634133333335,0.00392,34.34875288815296,2026-08-18T02:13:32,2,47.870223261168725,10.064340413023627,41.465316242371784,99.9945984,99.99732288,3.1072e-05,47.870223261168725,10.064340413023627,41.465316242371784,99.9945984,99.99732288,3.1072e-05,47.870223261168725,10.064340413023627,41.465316242371784,99.9945984,99.99732288,3.1072e-05,0.0,0.9999727544706045,3434.7406417039747,4
1,h13_h63,1787019213,99.996864,99.996864,0.003136,46.40148027864396,2026-08-18T02:13:33,3,48.36383966479595,7.665988462397129,43.11070425446251,99.9945984,99.99720816,3.1144000000000005e-05,48.36383966479595,7.665988462397129,43.11070425446251,99.9945984,99.99720816,3.1144000000000005e-05,48.36383966479595,7.665988462397129,43.11070425446251,99.9945984,99.99720816,3.1144000000000005e-05,0.0,0.9999739016713765,4640.002512822242,4
1,h13_h63,1787019214,99.997648,99.99764799999998,0.002352,47.87785878535867,2026-08-18T02:13:34,4,48.476276474905816,6.697737925406721,44.302492887186546,99.9945984,99.99729612799999,2.9619200000000003e-05,48.476276474905816,6.697737925406721,44.302492887186546,99.9945984,99.99729612799999,2.9619200000000003e-05,48.476276474905816,6.697737925406721,44.302492887186546,99.9945984,99.99729612799999,2.9619200000000003e-05,0.0,0.9999730219905493,4787.673269812004,3
1,h13_h63,1787019215,99.99608,99.99608,0.00392,30.589981938492887,2026-08-18T02:13:35,5,48.44107543434422,8.44105214364195,41.559990697447816,99.9945984,99.99651212799999,3.7459199999999995e-05,48.44107543434422,8.44105214364195,41.559990697447816,99.9945984,99.99709344,3.1216e-05,48.44107543434422,8.44105214364195,41.559990697447816,99.9945984,99.99709344,3.1216e-05,0.0,0.9999750488747806,3058.87828112009,4
1,h13_h63,1787019216,99.99552,99.99656533333332,0.00448,54.92084152683409,2026-08-18T02:13:36,6,53.512244978539,10.07688405050541,42.82778308349651,99.99552,99.99669973333333,3.561599999999999e-05,53.33610104427322,9.314136827829577,43.7867991690122,99.9945984,99.99701799619048,3.315657142857143e-05,53.33610104427322,9.314136827829577,43.7867991690122,99.9945984,99.99701799619048,3.315657142857143e-05,-0.9590160855156853,0.9999850195913789,5491.838107313369,4
1,h13_h63,1787019217,99.99608,99.99634237333333,0.00392,27.435399381779845,2026-08-18T02:13:37,7,53.512244978539,11.849546407941425,41.44511238222189,99.99552,99.99669994133333,3.561599999999999e-05,53.01915294776104,10.511410715520409,41.450884913693294,99.9945984,99.99693354333333,3.3912e-05,53.01915294776104,10.511410715520409,41.450884913693294,99.9945984,99.99693354333333,3.3912e-05,-0.005772531471400555,0.9999858641331965,2743.432391412408,3
1,h13_h63,1787019218,99.99687336,99.99687544,0.00312664,43.96923875432526,2026-08-18T02:13:38,8,53.512244978539,11.643340067899015,40.95866407735815,99.99552,99.99670222933334,3.559728e-05,52.702204851248865,9.772321512388528,41.76567914377229,99.9945984,99.99692708740741,3.3618044444444445e-05,52.702204851248865,9.772321512388528,41.76567914377229,99.9945984,99.99692708740741,3.3618044444444445e-05,-0.807015066414138,0.9999859286935269,4396.786399451867,1
1,h13_h63,1787019219,99.99611112,99.99662962666666,0.00388888,31.566696472548045,2026-08-18T02:13:39,9,52.73052097233232,11.50426517243257,37.696431614796026,99.99552,99.99649855466666,3.867104e-05,52.385256754736695,9.752880520316827,40.63245884696959,99.9945984,99.99689734133332,3.414512e-05,52.385256754736695,9.752880520316827,40.63245884696959,99.9945984,99.99689734133332,3.414512e-05,-2.936027232173565,0.9999862261593115,3156.5468881602264,1
1,h13_h63,1787019220,99.99608392,99.99660605333334,0.00391608,25.790133979654197,2026-08-18T02:13:40,10,52.73052097233232,12.410107341596014,36.73646202302829,99.99552,99.99660376533333,3.866319999999999e-05,52.06830865822452,10.323729807631647,39.14822636023805,99.9945984,99.99687086060607,3.4601090909090913e-05,52.06830865822452,10.323729807631647,39.14822636023805,99.9945984,99.99687086060607,3.4601090909090913e-05,-2.4117643372097604,0.9999864909712229,2578.9124017375448,4
1,h13_h63,1787019221,99.99689504,99.99792901333335,0.00310496,56.73840876273481,2026-08-18T02:13:41,11,54.18457476105289,13.08423251692625,37.099975470208435,99.99608,99.99687650133333,3.591312e-05,55.829625144784444,11.137775804763102,40.74733385137412,99.9945984,99.99695904,3.430513333333333e-05,55.829625144784444,11.137775804763102,40.74733385137412,99.9945984,99.99695904,3.430513333333333e-05,-3.647358381165688,0.9999912093326795,5673.664705783809,4
1,h13_h63,1787019222,99.99612648,99.99638472,0.00387352,68.01509745086909,2026-08-18T02:13:42,12,65.75975971324223,17.448401927270975,45.21591508402628,99.99608392,99.99688497066667,3.582016e-05,61.81291867239523,13.218686908770517,43.01964748466537,99.9945984,99.99691486153846,3.464590769230769e-05,61.81291867239523,13.218686908770517,43.01964748466537,99.9945984,99.99691486153846,3.464590769230769e-05,2.196267599360908,0.9999916903282506,6801.246287246631,1
1,h13_h63,1787019223,99.99608392,99.99634498666667,0.00391608,54.08873058502425,2026-08-18T02:13:43,13,65.75975971324223,17.849921213578018,47.23981345016608,99.99608392,99.99677888,3.7399039999999995e-05,61.249084237988505,13.022960975755094,43.87111541546221,99.9945984,99.99687415619049,3.49684e-05,61.249084237988505,13.022960975755094,43.87111541546221,99.9945984,99.99687415619049,3.49684e-05,3.3686980347038755,0.999992097391072,5408.661242706356,4
1,h13_h63,1787019224,99.996864,99.99738744000001,0.003136,49.90177775898676,2026-08-18T02:13:44,14,65.75975971324223,15.561837667472338,50.906829707453824,99.99608392,99.99693044266667,3.589328e-05,60.685249803581804,12.615440055979807,44.301877011428246,99.9945984,99.99690837511112,3.472784e-05,60.685249803581804,12.615440055979807,44.301877011428246,99.9945984,99.99690837511112,3.472784e-05,6.6049526960255776,0.9999917551939904,4990.021283923624,4
1,h13_h63,1787019225,99.99608,99.99634133333335,0.00392,33.28778859721549,2026-08-18T02:13:45,15,65.75975971324223,12.619651409246577,52.406360630966084,99.99608,99.99687749866668,3.5901119999999996e-05,60.12141536917508,12.484745154925061,43.56760445048073,99.9945984,99.996664464,3.734117333333334e-05,60.12141536917508,12.484745154925061,43.56760445048073,99.9945984,99.996872935,3.500735e-05,8.838756180485355,0.9999920704020364,3328.648371590248,4
1,h13_h63,1787019226,99.99687648,99.99791765333333,0.0031235199999999994,48.35235230095736,2026-08-18T02:13:46,16,65.22982407770012,12.45617879499359,50.72914933861058,99.99608,99.99687522666667,3.593824e-05,60.12141536917508,12.478299468432605,43.55230263077184,99.99552,99.99681715377778,3.582245333333333e-05,59.55758093476838,12.120580324145779,43.86665119113552,99.9945984,99.99693438901961,3.478545882352941e-05,6.8624981474750655,0.9999914558478734,4835.084200556276,4
1,h13_h63,1787019227,99.99613792,99.99665386666668,0.00386208,50.272261925546886,2026-08-18T02:13:47,17,53.32543685312878,8.047805013856074,47.18058223354615,99.99608,99.996929056,3.5915359999999996e-05,60.12141536917508,12.315669623314104,44.61386989993144,99.99552,99.99683798933333,3.578384e-05,58.99374650036165,11.838087951666841,44.24345182257148,99.9945984,99.99691880444445,3.4998533333333334e-05,2.9371304109746674,0.9999916116970956,5027.032037057351,1
1,h13_h63,1787019228,99.99532872,99.99610957333334,0.00467128,27.1384403715504,2026-08-18T02:13:48,18,50.19816509223486,10.813995219349184,41.79052419085138,99.99532872,99.99688197333334,3.742576e-05,60.12141536917508,13.095575847881252,43.32966723945854,99.99532872,99.99678769422222,3.680736e-05,58.42991206595493,12.17174190059466,43.29317340862586,99.9945984,99.99687621333334,3.5615073684210525e-05,-1.5026492177744828,0.9999845245832476,2713.7172659013013,4
1,h13_h63,1787019229,99.996864,99.99686504,0.003136,23.440526078082748,2026-08-18T02:13:49,19,49.88828000062898,12.233768824491728,36.49827385467057,99.99532872,99.99677749333334,3.742576e-05,60.12141536917508,13.979569709049429,41.70051172564014,99.99532872,99.99673549688889,3.733002666666666e-05,57.86607763154821,12.67533949365312,42.24829723333412,99.9945984,99.99687565466667,3.540232e-05,-5.750023378663549,0.9999845301700024,2343.979098318494,4
1,h13_h63,1787019230,99.996864,99.996864,0.003136,22.734663102681875,2026-08-18T02:13:50,20,49.88828000062898,13.743329949539797,34.387648755763855,99.99532872,99.99688202666667,3.5857760000000005e-05,60.12141536917508,14.560570474841287,41.17682380325274,99.99532872,99.99678776355556,3.680736e-05,57.30224319714153,13.086149737642938,41.27261552680151,99.9945984,99.99687509968254,3.520982857142857e-05,-6.884966771037654,0.9999845357199313,2273.3950143646975,4
1,h13_h63,1787019231,99.99686712,99.99686712,0.00313288,22.515226807503225,2026-08-18T02:13:51,21,45.64549761474758,11.91581427627978,29.220223657073028,99.99532872,99.99667192000001,3.587648e-05,60.12141536917508,14.778101311680123,39.016449488630684,99.99532872,99.99680788266667,3.5909280000000004e-05,56.73840876273481,13.395492427606463,40.37940654016826,99.9945984,99.99687473696969,3.503341818181818e-05,-11.159182883095234,0.9999845393471171,2251.452143246562,4
1,h13_h63,1787019232,99.996892,99.996892,0.003108,23.600426699365833,2026-08-18T02:13:52,22,26.430837637113484,1.875030879027686,23.885856611836815,99.99532872,99.99671954666667,3.436832e-05,60.12141536917508,15.023896362270351,38.76078464313641,99.99532872,99.99684452444444,3.536794666666667e-05,56.64753040093977,13.553283742997333,39.6167256383136,99.9945984,99.99687548753623,3.486153043478261e-05,-15.730869026476789,0.9999845318413332,2359.969319810402,4
1,h13_h63,1787019233,99.99691032,99.99691133333333,0.00308968,47.396418912429624,2026-08-18T02:13:53,23,42.63722046981686,10.887527989089023,27.937452320012664,99.996864,99.99687989866666,3.120512e-05,60.12141536917508,15.13441587450584,38.989263320343376,99.99532872,99.99684691733334,3.534330666666667e-05,56.55665203914473,13.340665224586575,39.95497317197082,99.9945984,99.9968769811111,3.4696333333333335e-05,-12.017520851958157,0.9999998701848348,4739.495451475377,1
1,h13_h63,1787019234,99.99686712,99.99686712,0.00313288,40.70766164663026,2026-08-18T02:13:54,24,46.05866745926975,11.804428928632468,31.39087943372216,99.996864,99.99688031466667,3.119888e-05,60.12141536917508,14.997608202925617,39.598660998615514,99.99532872,99.99686275022222,3.4839306666666666e-05,56.465773677349695,13.048332567250174,39.986335191748296,99.9945984,99.99687658666667,3.4561632e-05,-8.595455758026137,0.9999998741294018,4070.6386324440064,3
1,h13_h63,1787019235,99.99686712,99.99686712,0.00313288,33.728896198086254,2026-08-18T02:13:55,25,46.05866745926975,10.767309068123778,33.58972605280304,99.99686712,99.99688093866668,3.119264e-05,60.12141536917508,14.610594613224757,40.12791181317766,99.99532872,99.99688015466667,3.431717333333333e-05,56.37489531555466,12.834760621577868,39.73603763200182,99.9945984,99.99687622256411,3.44372923076923e-05,-6.14631157919878,0.9999999089715154,3372.7839512243045,3
1,h13_h63,1787019236,99.996864,99.99686608,0.003136,24.783497254002107,2026-08-18T02:13:56,26,46.05866745926975,10.217826337252394,34.04338014210282,99.996864,99.99688073066667,3.119888e-05,58.26664064477769,14.342844592202681,37.99758437926214,99.99532872,99.99680929244444,3.433786666666667e-05,56.284016953759625,12.912823420444873,39.160939925155674,99.9945984,99.99687584691358,3.4323318518518516e-05,-5.1175597830528545,0.9999998815271629,2478.272004352822,4
1,h13_h63,1787019237,99.99687336,99.99687336,0.00312664,29.81998102393308,2026-08-18T02:13:57,27,46.05866745926975,8.92554133565481,35.287291007016265,99.996864,99.99687700266666,3.123616e-05,51.41720252339009,11.797714624290998,35.45124328413308,99.99532872,99.99684186844446,3.3839946666666666e-05,56.19313859196459,12.789038453637794,38.814978484369654,99.9945984,99.99687575809524,3.421414285714286e-05,-3.527687477353389,0.999999882415374,2981.9048660478393,3
1,h13_h63,1787019238,99.99686712,99.99712818666667,0.00313288,42.120107952216685,2026-08-18T02:13:58,28,41.8376186910994,7.299823111643108,34.232028814973674,99.996864,99.99692037333332,3.132256e-05,50.0129230089548,10.810619601011489,34.65333510861257,99.99532872,99.99689408177778,3.331781333333333e-05,56.102260230169556,12.565503720111305,38.933018822507044,99.9945984,99.99688446252873,3.411464827586207e-05,-4.70099000753337,0.9999997953683374,4211.878837977867,3
1,h13_h63,1787019239,99.99691032,99.99691032,0.00308968,36.643711902734935,2026-08-18T02:13:59,29,41.02482874232033,6.590313480523883,33.41923886619461,99.996864,99.99692901333333,3.123616e-05,48.92832518833421,9.985350419655559,33.76946405152912,99.99532872,99.99686227377778,3.3286933333333335e-05,56.011381868374514,12.346400669200671,38.854077204583874,99.9945984,99.99688532444445,3.4007386666666664e-05,-5.4348383383892624,0.9999997867489134,3664.2579729297017,3
1,h14_h64,1787019210,100.0,100.0,0.0,,2026-08-18T02:13:30,0,,,,100.0,100.0,0.0,,,,100.0,100.0,0.0,,,,100.0,100.0,0.0,,1.0,,
1,h14_h64,1787019211,79.987104,92.00844056,20.012896,76.40450643862512,2026-08-18T02:13:31,1,76.40450643862512,,76.40450643862512,79.987104,96.00422028,0.10006448000000001,76.40450643862512,,76.40450643862512,79.987104,96.00422028,0.10006448000000001,76.40450643862512,,76.40450643862512,79.987104,96.00422028,0.10006448000000001,0.0,0.8331623731406238,6111.375202574977,3
1,h14_h64,1787019212,78.660064,91.4928224,21.339936,26.396561749760515,2026-08-18T02:13:32,2,73.90410920418189,35.360956802697956,51.40053409419282,78.660064,94.50042098666665,0.13784277333333336,73.90410920418189,35.360956802697956,51.40053409419282,78.660064,94.50042098666665,0.13784277333333336,73.90410920418189,35.360956802697956,51.40053409419282,78.660064,94.50042098666665,0.13784277333333336,0.0,0.8323779214814121,2076.3552366161143,4
1,h14_h64,1787019213,79.601744,91.874576,20.398256,36.75343177546565,2026-08-18T02:13:33,3,72.43939897230916,26.39528686046475,46.5181666546171,78.660064,93.84395974,0.15437772,72.43939897230916,26.39528686046475,46.5181666546171,78.660064,93.84395974,0.15437772,72.43939897230916,26.39528686046475,46.5181666546171,78.660064,93.84395974,0.15437772,0.0,0.838200606815102,2925.637267312082,4
1,h14_h64,1787019214,79.626368,91.85152000000001,20.373632,62.751672423596204,2026-08-18T02:13:34,4,74.35658133637078,23.02945482822708,50.57654309686187,78.660064,93.445471792,0.16424944,74.35658133637078,23.02945482822708,50.57654309686187,78.660064,93.445471792,0.16424944,74.35658133637078,23.02945482822708,50.57654309686187,78.660064,93.445471792,0.16424944,0.0,0.8417750212133254,4996.687761016723,3
1,h14_h64,1787019215,78.791184,91.5448,21.208816,26.492049595003166,2026-08-18T02:13:35,5,73.67393963561933,22.666702621074567,45.75964439649013,78.660064,91.754431792,0.206667072,73.67393963561933,22.666702621074567,45.75964439649013,78.660064,93.12869316,0.17222256000000002,73.67393963561933,22.666702621074567,45.75964439649013,78.660064,93.12869316,0.17222256000000002,0.0,0.8446383314416093,2087.33995417702,4
1,h14_h64,1787019216,79.839584,91.9410816,20.160416,35.569274553809635,2026-08-18T02:13:36,6,57.55202429397009,14.885819310510845,37.59259801952703,78.660064,91.74096,0.206962112,72.99129793486789,20.696154210180005,44.061249422710056,78.660064,92.95903436571429,0.17641993142857143,72.99129793486789,20.696154210180005,44.061249422710056,78.660064,92.95903436571429,0.17641993142857143,-6.468651403183024,0.8461798741426243,2839.836083557947,4
1,h14_h64,1787019217,79.208384,91.6810016,20.791615999999998,47.13993274406109,2026-08-18T02:13:37,7,59.62932448768918,13.839195698519104,41.74127221838715,78.791184,91.77859584000001,0.205865472,72.30865623411644,18.92871823834739,44.5010613257602,78.660064,92.79928027,0.18035696,72.30865623411644,18.92871823834739,44.5010613257602,78.660064,92.79928027,0.18035696,-2.759789107373045,0.8490495160173294,3733.8778945257645,3
1,h14_h64,1787019218,79.409944,91.778724864,20.590056,47.176972573014325,2026-08-18T02:13:38,8,59.63673245347982,13.684220802052057,43.82598037789688,78.791184,91.7594256128,0.20624907200000003,71.626014533365,17.55010656564412,44.835550231666964,78.660064,92.68588522488888,0.1831951377777778,71.626014533365,17.55010656564412,44.835550231666964,78.660064,92.68588522488888,0.1831951377777778,-1.0095698537700812,0.8500882718962505,3746.3207501126035,1
1,h14_h64,1787019219,79.385222,91.757128752,20.614778,40.606613973083256,2026-08-18T02:13:39,9,47.16956460722368,8.705362912046317,39.3969686877943,78.791184,91.7405473632,0.20673136399999997,70.94337283261355,16.477031304700425,44.365668425157665,78.660064,92.5930095776,0.185490402,70.94337283261355,16.477031304700425,44.365668425157665,78.660064,92.5930095776,0.185490402,-4.968699737363366,0.8509409550400993,3223.5650649215163,1
1,h14_h64,1787019220,79.13389000000001,91.661046032,20.86611,23.648027315473467,2026-08-18T02:13:40,10,47.16956460722368,9.785293796480351,38.82816423188835,79.13389000000001,91.7637965696,0.20604595199999998,70.26073113186209,16.85967929299346,42.29390431418925,78.660064,92.50828561890908,0.18759682909090908,70.26073113186209,16.85967929299346,42.29390431418925,78.660064,92.50828561890908,0.18759682909090908,-3.465740082300897,0.8554248894633575,1871.3603922996729,4
1,h14_h64,1787019221,80.20976,92.08517880000001,19.79024,44.418686626937316,2026-08-18T02:13:41,11,47.16956460722368,9.848592014107902,40.598046646513886,79.13389000000001,91.79261600960001,0.2053056,69.57808943111067,16.00732127927216,42.487066342620885,78.660064,92.47302671733333,0.18845562666666665,69.57808943111067,16.00732127927216,42.487066342620885,78.660064,92.47302671733333,0.18845562666666665,-1.889019696106999,0.8557510531356599,3562.812193861852,4
1,h14_h64,1787019222,79.372474,91.749176288,20.627526,62.98609834539494,2026-08-18T02:13:42,12,59.82427319091882,14.108396887553436,43.76727976678066,79.13389000000001,91.8062509472,0.20497742,69.02438198734852,16.369417528210075,44.19531900951873,78.660064,92.41734591507692,0.18982636769230768,69.02438198734852,16.369417528210075,44.19531900951873,78.660064,92.41734591507692,0.18982636769230768,-0.42803924273806615,0.856266637138842,4999.362453281303,1
1,h14_h64,1787019223,78.561518,91.42463915200001,21.438482,30.329698533295712,2026-08-18T02:13:43,13,59.27261600170341,15.069538038761008,40.397824958836935,78.561518,91.73543380480001,0.206674272,68.35346158268699,16.137437539796192,43.128732819040025,78.561518,92.34643828914285,0.19158054285714285,68.35346158268699,16.137437539796192,43.128732819040025,78.561518,92.34643828914285,0.19158054285714285,-2.7309078602030894,0.8507260210081807,2382.747157258085,4
1,h14_h64,1787019224,80.110354,92.06178459200001,19.889646,34.29380535438494,2026-08-18T02:13:44,14,59.27261600170341,15.310201327501069,39.13526323509727,78.561518,91.7963649728,0.20522400799999999,67.6825411780255,15.68311979116832,42.497666571564665,78.561518,92.327461376,0.19206827066666665,67.6825411780255,15.68311979116832,42.497666571564665,78.561518,92.327461376,0.19206827066666665,-3.362403336467395,0.8509008785594274,2747.2888869468734,4
1,h14_h64,1787019225,88.732464,95.523845792,11.267536,23.311481971587614,2026-08-18T02:13:45,15,59.27261600170341,15.395810982586116,39.067954166320106,78.561518,92.5689249248,0.18602686,67.01162077336399,15.903845530468104,41.21858759823286,78.561518,92.02905109546667,0.1995799613333333,67.01162077336399,15.903845530468104,41.21858759823286,78.561518,92.527235402,0.18710621375,-2.150633431912752,0.8490637125239546,2068.4852348305467,4
1,h14_h64,1787019226,99.99765736,99.99796971200001,0.00234264,33.30485987037704,2026-08-18T02:13:46,16,57.247639747192935,15.231574706919988,36.84518881500804,78.561518,94.15148310720001,0.14645106528,62.822000200135825,12.654168718775475,38.34527782701632,78.561518,92.56168637226666,0.18623959242666666,66.34070036870249,15.491428018615293,40.72397961524187,78.561518,92.96669036141176,0.17610134390588233,-3.87879080023383,0.845050175440138,3330.407965740777,4
1,h14_h64,1787019227,99.99614176,99.99675843200001,0.00385824,47.90267667648642,2026-08-18T02:13:47,17,45.180902412066125,8.964129030368595,33.82850448122635,78.561518,95.800999536,0.10520372976,62.822000200135825,12.419827643565345,39.779018822131384,78.561518,93.12861544106666,0.17201554058666665,65.66977996404097,15.100222326009655,41.14625591296214,78.561518,93.35724969866666,0.16632007937777776,-7.317751431735793,0.8415149145200453,4790.082847625382,1
1,h14_h64,1787019228,99.99533336,99.9959548,0.0046666400000000005,26.03990861251536,2026-08-18T02:13:48,18,45.180902412066125,9.567687287483968,32.97054649707028,80.110354,97.5152626656,0.062336099039999995,62.822000200135825,12.904834814388082,39.064783944601366,78.561518,93.67004069440002,0.1584198143466667,64.99885955937945,15.075869467971476,40.30701439627066,78.561518,93.7066552303158,0.15756884711578947,-7.336467899200379,0.854905703368685,2603.869342372409,4
1,h14_h64,1787019229,99.996864,99.996864,0.003136,21.869724285445933,2026-08-18T02:13:49,19,44.98311331526454,10.686068521835406,30.485730283282475,88.732464,99.1022785472,0.02256307904,52.42770317715896,11.816047827023855,36.33932073539134,78.561518,94.21306362773335,0.14483948368,64.32793915471794,15.249469398198963,39.33663070622725,78.561518,94.02116566880001,0.14969197275999999,-8.850900422944772,0.9437498819422208,2186.9038450892344,4
1,h14_h64,1787019230,99.996864,99.996864,0.003136,21.21929668773414,2026-08-18T02:13:50,20,44.98311331526454,11.071243682440356,30.067293226511776,99.99533336,99.99688218880002,3.427904e-05,52.42770317715896,12.20204527425203,35.987803874906746,78.561518,94.77653456106667,0.13070236368,63.65701875005646,15.385672773240907,38.43076400530259,78.561518,94.30572273219047,0.1425652769142857,-8.363470778790816,1.060331552136734,2121.8631250590015,4
1,h14_h64,1787019231,99.99686712,99.99686712,0.00313288,20.67444622353745,2026-08-18T02:13:51,21,43.53012306369221,11.57721916063679,27.54121049714386,99.99533336,99.99666167040002,3.585952e-05,52.42770317715896,12.828517579286267,34.994815319555265,78.561518,95.31358692906666,0.11726417493333333,62.98609834539494,15.488597047563577,37.58522506331377,78.561518,94.56441111345454,0.13608646109090908,-10.04401456616991,1.0574309318124941,2067.37985179466,4
1,h14_h64,1787019232,99.996892,99.996892,0.003108,23.543057359590343,2026-08-18T02:13:52,22,25.540538361930356,2.1705832660636113,22.669286633764646,99.99533336,99.99668838400001,3.4359040000000004e-05,52.42770317715896,12.678750878856219,33.42169029392388,78.561518,95.86797962240001,0.10340516959999999,62.974377049305005,15.408952877090533,36.94694471314453,78.561518,94.8006059346087,0.13017100973913043,-14.277658079379886,1.0547963525568023,2354.2325641367606,4
1,h14_h64,1787019233,99.99691032,99.9970648,0.00308968,47.33256675199799,2026-08-18T02:13:53,23,42.574664873516454,11.457383671649177,26.927818261661173,99.996864,99.99691038400002,3.120512e-05,52.42770317715896,12.69086626886158,33.43206323918946,78.561518,96.41586895146666,0.08968052538666665,62.96265575321507,15.20963201734113,37.39849349744251,78.561518,95.017125054,0.12474850503333335,-10.470675235781336,1.0524088572788317,4733.110432714956,1
1,h14_h64,1787019234,99.99686712,99.99686712,0.00313288,48.765172108827706,2026-08-18T02:13:54,24,48.47865103746176,14.419598191762978,32.30690782633753,99.996864,99.99691100800001,3.119888e-05,53.03144997979786,13.185505546249521,33.97596711490576,78.561518,96.96518484266669,0.07593942864,62.95093445712513,15.055176671418009,37.872105106250224,78.561518,95.21631473664,0.11975981798400001,-5.565197279912695,1.0502072494255064,4876.364435450375,3
1,h14_h64,1787019235,99.99608392,99.99671048,0.00391608,36.59375108479249,2026-08-18T02:13:55,25,48.47865103746176,13.037123751117518,35.38179870574919,99.99608392,99.996880304,3.2759040000000005e-05,53.03144997979786,12.881380414308998,34.83901536619369,78.561518,97.52089580586669,0.06203129936,62.9392131610352,14.740407541034692,37.82097094539191,78.561518,95.40017611138462,0.11515517732307692,-2.4391722396427227,1.0481750453295748,3659.2318044225008,3
1,h14_h64,1787019236,99.99686712,99.99686712,0.00313288,23.16754596103894,2026-08-18T02:13:56,26,48.47865103746176,12.364313836837306,35.88041865324949,99.99608392,99.996880304,3.275904e-05,53.03144997979786,12.92109337828607,33.4222726551338,78.561518,98.04834169386667,0.04883989461333333,62.92749186494526,14.725725842222566,37.25737767676295,78.561518,95.57042392651853,0.11089133108148147,-1.3769590235134572,1.0463078409789648,2316.6820149625037,4
1,h14_h64,1787019237,99.99687336,99.99687336,0.00312664,33.2858642600651,2026-08-18T02:13:57,27,48.47865103746176,10.571681490805421,37.82898003334444,99.99608392,99.996876576,3.279632e-05,48.161425306188804,10.016261949200315,31.442257049445143,78.561518,98.59818816533334,0.03509029504,62.91577056885532,14.459976295528056,37.11028458725563,78.561518,95.72851140628572,0.10693204305714285,0.718695446088816,1.0445799527332258,3328.4823530918793,3
1,h14_h64,1787019238,99.99686712,99.9971804,0.00313288,51.07097669645112,2026-08-18T02:13:58,28,50.60981577892644,11.5030318992033,38.57666202223506,99.99608392,99.99689969600001,3.2882720000000004e-05,49.456913485114725,11.21200203638977,32.825008926988836,80.110354,99.16969091520001,0.02080006229333333,62.904049272765384,14.43286367342628,37.6088807340126,78.561518,95.8757068888276,0.10324581153103449,0.9677812882224615,1.0429762362633757,5106.9376704036395,3
1,h14_h64,1787019239,99.99657928,99.99684411199999,0.00342072,56.93685219229288,2026-08-18T02:13:59,29,55.76367709312453,13.685891875533196,40.2109980389281,99.99608392,99.9968950944,3.34584e-05,52.83073934520364,12.831236922136524,34.33454538284936,88.732464,99.6986948832,0.0075425787733333334,62.892327976675446,14.620182592423747,38.27536250843606,78.561518,96.0130781296,0.09980542472,1.9356355304920427,1.0414839922643004,5693.490454200258,3
