run_id,rota_id,ts_epoch,gargalo_Mbps,banda_media_Mbps,util_max_pct
1,h11_h61,1787019210,100.0,100.0,0.0
1,h11_h61,1787019211,79.668194,79.73107533333332,20.331806
1,h11_h61,1787019212,79.31644800000001,79.42744,20.683552
1,h11_h61,1787019213,79.587032,79.610424,20.412968
1,h11_h61,1787019214,79.40244,79.44964800000001,20.59756
1,h11_h61,1787019215,78.81424,78.83039466666666,21.185760000000002
1,h11_h61,1787019216,79.530688,79.56237933333334,20.469312
1,h11_h61,1787019217,79.184544,79.22798933333333,20.815455999999998
1,h11_h61,1787019218,79.408558,79.42788333333334,20.591442
1,h11_h61,1787019219,79.31488,79.367056,20.68512
1,h11_h61,1787019220,79.375264,79.405968,20.624736
1,h11_h61,1787019221,79.720644,79.74852333333332,20.279356
1,h11_h61,1787019222,79.016096,79.036224,20.983904
1,h11_h61,1787019223,79.974734,80.01792266666666,20.025266
1,h11_h61,1787019224,79.267988,79.350778,20.732012
1,h11_h61,1787019225,88.38556096,88.43648832000001,11.61443904
1,h11_h61,1787019226,99.99688576,99.99714528,0.00311424
1,h11_h61,1787019227,99.996864,99.996864,0.003136
1,h11_h61,1787019228,99.99688576,99.99688576,0.00311424
1,h11_h61,1787019229,99.996864,99.99712533333333,0.003136
1,h11_h61,1787019230,99.99686712,99.99738928,0.00313288
1,h11_h61,1787019231,99.995296,99.99608,0.004704
1,h11_h61,1787019232,99.998432,99.998432,0.001568
1,h11_h61,1787019233,99.99689816,99.99689816,0.0031018400000000002
1,h11_h61,1787019234,99.996864,99.996864,0.003136
1,h11_h61,1787019235,99.99687024,99.99687024,0.0031297600000000005
1,h11_h61,1787019236,99.9968796,99.9968796,0.0031204000000000006
1,h11_h61,1787019237,99.996864,99.996864,0.003136
1,h11_h61,1787019238,99.996864,99.996864,0.003136
1,h11_h61,1787019239,99.99690424,99.99690626666667,0.0030957600000000004
1,h12_h62,1787019210,100.0,100.0,0.0
1,h12_h62,1787019211,79.711488,93.23391466666668,20.288512
1,h12_h62,1787019212,78.874624,92.95507199999999,21.125376000000003
1,h12_h62,1787019213,79.981512,93.32587821333334,20.018488
1,h12_h62,1787019214,79.718628,93.23823992,20.281372
1,h12_h62,1787019215,78.52816,92.83932266666666,21.47184
1,h12_h62,1787019216,79.74098599999999,93.24430909333334,20.259014
1,h12_h62,1787019217,79.279904,93.09094933333334,20.720096
1,h12_h62,1787019218,79.472606,93.15571328,20.527394
1,h12_h62,1787019219,79.39627,93.12949741333334,20.60373
1,h12_h62,1787019220,79.13389000000001,93.04254141333335,20.86611
1,h12_h62,1787019221,80.174318,93.38988533333334,19.825682
1,h12_h62,1787019222,79.395256,93.12942789333333,20.604744
1,h12_h62,1787019223,78.598026,92.86365901333333,21.401974
1,h12_h62,1787019224,79.991272,93.32859648,20.008728
1,h12_h62,1787019225,89.066224,96.353056,10.933776
1,h12_h62,1787019226,99.99687648,99.99713677333334,0.0031235199999999994
1,h12_h62,1787019227,99.99691032,99.99691032,0.00308968
1,h12_h62,1787019228,99.99611112,99.99662962666666,0.00388888
1,h12_h62,1787019229,99.996864,99.996864,0.003136
1,h12_h62,1787019230,99.996864,99.996864,0.003136
1,h12_h62,1787019231,99.99686712,99.99686712,0.00313288
1,h12_h62,1787019232,99.996892,99.996892,0.003108
1,h12_h62,1787019233,99.99691336,99.99742703999999,0.00308664
1,h12_h62,1787019234,99.996864,99.99686608,0.003136
1,h12_h62,1787019235,99.99608392,99.99660605333334,0.00391608
1,h12_h62,1787019236,99.99608392,99.99660501333334,0.00391608
1,h12_h62,1787019237,99.99687336,99.99713392,0.00312664
1,h12_h62,1787019238,99.99686712,99.99738925333334,0.00313288
1,h12_h62,1787019239,99.99580688,99.99654250666667,0.00419312
1,h13_h63,1787019210,100.0,100.0,0.0
1,h13_h63,1787019211,99.9945984,99.99562730666666,0.005401600000000001
1,h13_h63,1787019212,99.99608,99.99634133333335,0.00392
1,h13_h63,1787019213,99.996864,99.996864,0.003136
1,h13_h63,1787019214,99.997648,99.99764799999998,0.002352
1,h13_h63,1787019215,99.99608,99.99608,0.00392
1,h13_h63,1787019216,99.99552,99.99656533333332,0.00448
1,h13_h63,1787019217,99.99608,99.99634237333333,0.00392
1,h13_h63,1787019218,99.99687336,99.99687544,0.00312664
1,h13_h63,1787019219,99.99611112,99.99662962666666,0.00388888
1,h13_h63,1787019220,99.99608392,99.99660605333334,0.00391608
1,h13_h63,1787019221,99.99689504,99.99792901333335,0.00310496
1,h13_h63,1787019222,99.99612648,99.99638472,0.00387352
1,h13_h63,1787019223,99.99608392,99.99634498666667,0.00391608
1,h13_h63,1787019224,99.996864,99.99738744000001,0.003136
1,h13_h63,1787019225,99.99608,99.99634133333335,0.00392
1,h13_h63,1787019226,99.99687648,99.99791765333333,0.0031235199999999994
1,h13_h63,1787019227,99.99613792,99.99665386666668,0.00386208
1,h13_h63,1787019228,99.99532872,99.99610957333334,0.00467128
1,h13_h63,1787019229,99.996864,99.99686504,0.003136
1,h13_h63,1787019230,99.996864,99.996864,0.003136
1,h13_h63,1787019231,99.99686712,99.99686712,0.00313288
1,h13_h63,1787019232,99.996892,99.996892,0.003108
1,h13_h63,1787019233,99.99691032,99.99691133333333,0.00308968
1,h13_h63,1787019234,99.99686712,99.99686712,0.00313288
1,h13_h63,1787019235,99.99686712,99.99686712,0.00313288
1,h13_h63,1787019236,99.996864,99.99686608,0.003136
1,h13_h63,1787019237,99.99687336,99.99687336,0.00312664
1,h13_h63,1787019238,99.99686712,99.99712818666667,0.00313288
1,h13_h63,1787019239,99.99691032,99.99691032,0.00308968
1,h14_h64,1787019210,100.0,100.0,0.0
1,h14_h64,1787019211,79.987104,92.00844056,20.012896
1,h14_h64,1787019212,78.660064,91.4928224,21.339936
1,h14_h64,1787019213,79.601744,91.874576,20.398256
1,h14_h64,1787019214,79.626368,91.85152000000001,20.373632
1,h14_h64,1787019215,78.791184,91.5448,21.208816
1,h14_h64,1787019216,79.839584,91.9410816,20.160416
1,h14_h64,1787019217,79.208384,91.6810016,20.791615999999998
1,h14_h64,1787019218,79.409944,91.778724864,20.590056
1,h14_h64,1787019219,79.385222,91.757128752,20.614778
1,h14_h64,1787019220,79.13389000000001,91.661046032,20.86611
1,h14_h64,1787019221,80.20976,92.08517880000001,19.79024
1,h14_h64,1787019222,79.372474,91.749176288,20.627526
1,h14_h64,1787019223,78.561518,91.42463915200001,21.438482
1,h14_h64,1787019224,80.110354,92.06178459200001,19.889646
1,h14_h64,1787019225,88.732464,95.523845792,11.267536
1,h14_h64,1787019226,99.99765736,99.99796971200001,0.00234264
1,h14_h64,1787019227,99.99614176,99.99675843200001,0.00385824
1,h14_h64,1787019228,99.99533336,99.9959548,0.0046666400000000005
1,h14_h64,1787019229,99.996864,99.996864,0.003136
1,h14_h64,1787019230,99.996864,99.996864,0.003136
1,h14_h64,1787019231,99.99686712,99.99686712,0.00313288
1,h14_h64,1787019232,99.996892,99.996892,0.003108
1,h14_h64,1787019233,99.99691032,99.9970648,0.00308968
1,h14_h64,1787019234,99.99686712,99.99686712,0.00313288
1,h14_h64,1787019235,99.99608392,99.99671048,0.00391608
1,h14_h64,1787019236,99.99686712,99.99686712,0.00313288
1,h14_h64,1787019237,99.99687336,99.99687336,0.00312664
1,h14_h64,1787019238,99.99686712,99.9971804,0.00313288
1,h14_h64,1787019239,99.99657928,99.99684411199999,0.00342072
