run_id,rota_id,interface,ts_epoch,taxa_Mbps,capacidade_Mbps,banda_disp_Mbps,util_pct
1,h11_h61,s1-eth1,1787019210,0.0,100.0,100.0,0.0
1,h11_h61,s2-eth2,1787019210,0.0,100.0,100.0,0.0
1,h11_h61,s3-eth2,1787019210,0.0,100.0,100.0,0.0
1,h11_h61,s1-eth1,1787019211,20.331806,100.0,79.668194,20.331806
1,h11_h61,s2-eth2,1787019211,20.320016,100.0,79.679984,20.320016
1,h11_h61,s3-eth2,1787019211,20.154952,100.0,79.84504799999999,20.154952
1,h11_h61,s1-eth1,1787019212,20.541296,100.0,79.458704,20.541296
1,h11_h61,s2-eth2,1787019212,20.492832,100.0,79.50716800000001,20.492832
1,h11_h61,s3-eth2,1787019212,20.683552,100.0,79.31644800000001,20.683552
1,h11_h61,s1-eth1,1787019213,20.366444,100.0,79.633556,20.366444
1,h11_h61,s2-eth2,1787019213,20.412968,100.0,79.587032,20.412968
1,h11_h61,s3-eth2,1787019213,20.389316,100.0,79.61068399999999,20.389316
1,h11_h61,s1-eth1,1787019214,20.59756,100.0,79.40244,20.59756
1,h11_h61,s2-eth2,1787019214,20.526748,100.0,79.473252,20.526748
1,h11_h61,s3-eth2,1787019214,20.526748,100.0,79.473252,20.526748
1,h11_h61,s1-eth1,1787019215,21.161136,100.0,78.838864,21.161135999999996
1,h11_h61,s2-eth2,1787019215,21.18576,100.0,78.81424,21.185760000000002
1,h11_h61,s3-eth2,1787019215,21.16192,100.0,78.83808,21.16192
1,h11_h61,s1-eth1,1787019216,20.398006,100.0,79.601994,20.398006
1,h11_h61,s2-eth2,1787019216,20.445544,100.0,79.554456,20.445544
1,h11_h61,s3-eth2,1787019216,20.469312,100.0,79.530688,20.469312
1,h11_h61,s1-eth1,1787019217,20.815456,100.0,79.184544,20.815455999999998
1,h11_h61,s2-eth2,1787019217,20.815456,100.0,79.184544,20.815455999999998
1,h11_h61,s3-eth2,1787019217,20.68512,100.0,79.31488,20.68512
1,h11_h61,s1-eth1,1787019218,20.544592,100.0,79.455408,20.544592
1,h11_h61,s2-eth2,1787019218,20.580316,100.0,79.419684,20.580315999999996
1,h11_h61,s3-eth2,1787019218,20.591442,100.0,79.408558,20.591442
1,h11_h61,s1-eth1,1787019219,20.636656,100.0,79.363344,20.636656
1,h11_h61,s2-eth2,1787019219,20.577056,100.0,79.422944,20.577056
1,h11_h61,s3-eth2,1787019219,20.68512,100.0,79.31488,20.68512
1,h11_h61,s1-eth1,1787019220,20.592224,100.0,79.407776,20.592224
1,h11_h61,s2-eth2,1787019220,20.565136,100.0,79.434864,20.565136
1,h11_h61,s3-eth2,1787019220,20.624736,100.0,79.375264,20.624736
1,h11_h61,s1-eth1,1787019221,20.255682,100.0,79.74431799999999,20.255682
1,h11_h61,s2-eth2,1787019221,20.279356,100.0,79.720644,20.279356
1,h11_h61,s3-eth2,1787019221,20.219392,100.0,79.780608,20.219392
1,h11_h61,s1-eth1,1787019222,20.93544,100.0,79.06456,20.93544
1,h11_h61,s2-eth2,1787019222,20.971984,100.0,79.02801600000001,20.971984
1,h11_h61,s3-eth2,1787019222,20.983904,100.0,79.016096,20.983904
1,h11_h61,s1-eth1,1787019223,20.025266,100.0,79.974734,20.025266
1,h11_h61,s2-eth2,1787019223,20.025266,100.0,79.974734,20.025266
1,h11_h61,s3-eth2,1787019223,19.8957,100.0,80.1043,19.8957
1,h11_h61,s1-eth1,1787019224,20.60232,100.0,79.39768000000001,20.60232
1,h11_h61,s2-eth2,1787019224,20.613334,100.0,79.386666,20.613334
1,h11_h61,s3-eth2,1787019224,20.732012,100.0,79.267988,20.732012
1,h11_h61,s1-eth1,1787019225,11.52023904,100.0,88.47976096,11.52023904
1,h11_h61,s2-eth2,1787019225,11.555856960000002,100.0,88.44414304,11.555856960000002
1,h11_h61,s3-eth2,1787019225,11.614439039999999,100.0,88.38556096,11.61443904
1,h11_h61,s1-eth1,1787019226,0.0023356799999999997,100.0,99.99766432,0.0023356799999999997
1,h11_h61,s2-eth2,1787019226,0.00311424,100.0,99.99688576,0.00311424
1,h11_h61,s3-eth2,1787019226,0.00311424,100.0,99.99688576,0.00311424
1,h11_h61,s1-eth1,1787019227,0.003136,100.0,99.996864,0.003136
1,h11_h61,s2-eth2,1787019227,0.003136,100.0,99.996864,0.003136
1,h11_h61,s3-eth2,1787019227,0.003136,100.0,99.996864,0.003136
1,h11_h61,s1-eth1,1787019228,0.00311424,100.0,99.99688576,0.00311424
1,h11_h61,s2-eth2,1787019228,0.00311424,100.0,99.99688576,0.00311424
1,h11_h61,s3-eth2,1787019228,0.00311424,100.0,99.99688576,0.00311424
1,h11_h61,s1-eth1,1787019229,0.003136,100.0,99.996864,0.003136
1,h11_h61,s2-eth2,1787019229,0.002352,100.0,99.997648,0.002352
1,h11_h61,s3-eth2,1787019229,0.003136,100.0,99.996864,0.003136
1,h11_h61,s1-eth1,1787019230,0.00313288,100.0,99.99686712,0.00313288
1,h11_h61,s2-eth2,1787019230,0.00313288,100.0,99.99686712,0.00313288
1,h11_h61,s3-eth2,1787019230,0.0015664000000000001,100.0,99.9984336,0.0015664
1,h11_h61,s1-eth1,1787019231,0.003136,100.0,99.996864,0.003136
1,h11_h61,s2-eth2,1787019231,0.00392,100.0,99.99608,0.00392
1,h11_h61,s3-eth2,1787019231,0.004704,100.0,99.995296,0.004704
1,h11_h61,s1-eth1,1787019232,0.001568,100.0,99.998432,0.001568
1,h11_h61,s2-eth2,1787019232,0.001568,100.0,99.998432,0.001568
1,h11_h61,s3-eth2,1787019232,0.001568,100.0,99.998432,0.001568
1,h11_h61,s1-eth1,1787019233,0.0031018400000000002,100.0,99.99689816,0.0031018400000000002
1,h11_h61,s2-eth2,1787019233,0.0031018400000000002,100.0,99.99689816,0.0031018400000000002
1,h11_h61,s3-eth2,1787019233,0.0031018400000000002,100.0,99.99689816,0.0031018400000000002
1,h11_h61,s1-eth1,1787019234,0.003136,100.0,99.996864,0.003136
1,h11_h61,s2-eth2,1787019234,0.003136,100.0,99.996864,0.003136
1,h11_h61,s3-eth2,1787019234,0.003136,100.0,99.996864,0.003136
1,h11_h61,s1-eth1,1787019235,0.00312976,100.0,99.99687024,0.0031297600000000005
1,h11_h61,s2-eth2,1787019235,0.00312976,100.0,99.99687024,0.0031297600000000005
1,h11_h61,s3-eth2,1787019235,0.00312976,100.0,99.99687024,0.0031297600000000005
1,h11_h61,s1-eth1,1787019236,0.0031204,100.0,99.9968796,0.0031204000000000006
1,h11_h61,s2-eth2,1787019236,0.0031204,100.0,99.9968796,0.0031204000000000006
1,h11_h61,s3-eth2,1787019236,0.0031204,100.0,99.9968796,0.0031204000000000006
1,h11_h61,s1-eth1,1787019237,0.003136,100.0,99.996864,0.003136
1,h11_h61,s2-eth2,1787019237,0.003136,100.0,99.996864,0.003136
1,h11_h61,s3-eth2,1787019237,0.003136,100.0,99.996864,0.003136
1,h11_h61,s1-eth1,1787019238,0.003136,100.0,99.996864,0.003136
1,h11_h61,s2-eth2,1787019238,0.003136,100.0,99.996864,0.003136
1,h11_h61,s3-eth2,1787019238,0.003136,100.0,99.996864,0.003136
1,h11_h61,s1-eth1,1787019239,0.0030927199999999998,100.0,99.99690728,0.0030927199999999998
1,h11_h61,s2-eth2,1787019239,0.0030927199999999998,100.0,99.99690728,0.0030927199999999998
1,h11_h61,s3-eth2,1787019239,0.0030957600000000004,100.0,99.99690424,0.0030957600000000004
1,h12_h62,s1-eth1,1787019210,0.0,100.0,100.0,0.0
1,h12_h62,s2-eth3,1787019210,0.0,100.0,100.0,0.0
1,h12_h62,s5-eth3,1787019210,0.0,100.0,100.0,0.0
1,h12_h62,s1-eth1,1787019211,20.288512,100.0,79.711488,20.288512
1,h12_h62,s2-eth3,1787019211,0.00504,100.0,99.99496,0.00504
1,h12_h62,s5-eth3,1787019211,0.004704,100.0,99.995296,0.004704
1,h12_h62,s1-eth1,1787019212,21.125376,100.0,78.874624,21.125376000000003
1,h12_h62,s2-eth3,1787019212,0.004704,100.0,99.995296,0.004704
1,h12_h62,s5-eth3,1787019212,0.004704,100.0,99.995296,0.004704
1,h12_h62,s1-eth1,1787019213,20.018488,100.0,79.981512,20.018488
1,h12_h62,s2-eth3,1787019213,0.00155096,100.0,99.99844904,0.00155096
1,h12_h62,s5-eth3,1787019213,0.0023264,100.0,99.9976736,0.0023264
1,h12_h62,s1-eth1,1787019214,20.281372,100.0,79.718628,20.281372
1,h12_h62,s2-eth3,1787019214,0.00234496,100.0,99.99765504,0.00234496
1,h12_h62,s5-eth3,1787019214,0.00156328,100.0,99.99843672,0.00156328
1,h12_h62,s1-eth1,1787019215,21.47184,100.0,78.52816,21.47184
1,h12_h62,s2-eth3,1787019215,0.004704,100.0,99.995296,0.004704
1,h12_h62,s5-eth3,1787019215,0.005488,100.0,99.994512,0.005488
1,h12_h62,s1-eth1,1787019216,20.259014,100.0,79.74098599999999,20.259014
1,h12_h62,s2-eth3,1787019216,0.00364496,100.0,99.99635504,0.00364496
1,h12_h62,s5-eth3,1787019216,0.00441376,100.0,99.99558624,0.00441376
1,h12_h62,s1-eth1,1787019217,20.720096,100.0,79.279904,20.720096
1,h12_h62,s2-eth3,1787019217,0.00392,100.0,99.99608,0.00392
1,h12_h62,s5-eth3,1787019217,0.003136,100.0,99.996864,0.003136
1,h12_h62,s1-eth1,1787019218,20.527394,100.0,79.472606,20.527394
1,h12_h62,s2-eth3,1787019218,0.00234264,100.0,99.99765736,0.00234264
1,h12_h62,s5-eth3,1787019218,0.00312352,100.0,99.99687648,0.0031235199999999994
1,h12_h62,s1-eth1,1787019219,20.60373,100.0,79.39627,20.60373
1,h12_h62,s2-eth3,1787019219,0.0046666400000000005,100.0,99.99533336,0.0046666400000000005
1,h12_h62,s5-eth3,1787019219,0.0031111199999999998,100.0,99.99688888,0.00311112
1,h12_h62,s1-eth1,1787019220,20.86611,100.0,79.13389000000001,20.86611
1,h12_h62,s2-eth3,1787019220,0.00313288,100.0,99.99686712,0.00313288
1,h12_h62,s5-eth3,1787019220,0.00313288,100.0,99.99686712,0.00313288
1,h12_h62,s1-eth1,1787019221,19.825682,100.0,80.174318,19.825682
1,h12_h62,s2-eth3,1787019221,0.001554,100.0,99.998446,0.001554
1,h12_h62,s5-eth3,1787019221,0.003108,100.0,99.996892,0.003108
1,h12_h62,s1-eth1,1787019222,20.604744,100.0,79.395256,20.604744
1,h12_h62,s2-eth3,1787019222,0.00387352,100.0,99.99612648,0.00387352
1,h12_h62,s5-eth3,1787019222,0.0030988,100.0,99.9969012,0.0030988
1,h12_h62,s1-eth1,1787019223,21.401974,100.0,78.598026,21.401974
1,h12_h62,s2-eth3,1787019223,0.00391608,100.0,99.99608392,0.00391608
1,h12_h62,s5-eth3,1787019223,0.00313288,100.0,99.99686712,0.00313288
1,h12_h62,s1-eth1,1787019224,20.008728,100.0,79.991272,20.008728
1,h12_h62,s2-eth3,1787019224,0.00234968,100.0,99.99765032,0.00234968
1,h12_h62,s5-eth3,1787019224,0.00313288,100.0,99.99686712,0.00313288
1,h12_h62,s1-eth1,1787019225,10.933776,100.0,89.066224,10.933776
1,h12_h62,s2-eth3,1787019225,0.00392,100.0,99.99608,0.00392
1,h12_h62,s5-eth3,1787019225,0.003136,100.0,99.996864,0.003136
1,h12_h62,s1-eth1,1787019226,0.00312352,100.0,99.99687648,0.0031235199999999994
1,h12_h62,s2-eth3,1787019226,0.00234264,100.0,99.99765736,0.00234264
1,h12_h62,s5-eth3,1787019226,0.00312352,100.0,99.99687648,0.0031235199999999994
1,h12_h62,s1-eth1,1787019227,0.00308968,100.0,99.99691032,0.00308968
1,h12_h62,s2-eth3,1787019227,0.00308968,100.0,99.99691032,0.00308968
1,h12_h62,s5-eth3,1787019227,0.00308968,100.0,99.99691032,0.00308968
1,h12_h62,s1-eth1,1787019228,0.0031111199999999998,100.0,99.99688888,0.00311112
1,h12_h62,s2-eth3,1787019228,0.00388888,100.0,99.99611112,0.00388888
1,h12_h62,s5-eth3,1787019228,0.0031111199999999998,100.0,99.99688888,0.00311112
1,h12_h62,s1-eth1,1787019229,0.003136,100.0,99.996864,0.003136
1,h12_h62,s2-eth3,1787019229,0.003136,100.0,99.996864,0.003136
1,h12_h62,s5-eth3,1787019229,0.003136,100.0,99.996864,0.003136
1,h12_h62,s1-eth1,1787019230,0.003136,100.0,99.996864,0.003136
1,h12_h62,s2-eth3,1787019230,0.003136,100.0,99.996864,0.003136
1,h12_h62,s5-eth3,1787019230,0.003136,100.0,99.996864,0.003136
1,h12_h62,s1-eth1,1787019231,0.00313288,100.0,99.99686712,0.00313288
1,h12_h62,s2-eth3,1787019231,0.00313288,100.0,99.99686712,0.00313288
1,h12_h62,s5-eth3,1787019231,0.00313288,100.0,99.99686712,0.00313288
1,h12_h62,s1-eth1,1787019232,0.003108,100.0,99.996892,0.003108
1,h12_h62,s2-eth3,1787019232,0.003108,100.0,99.996892,0.003108
1,h12_h62,s5-eth3,1787019232,0.003108,100.0,99.996892,0.003108
1,h12_h62,s1-eth1,1787019233,0.00231728,100.0,99.99768272,0.00231728
1,h12_h62,s2-eth3,1787019233,0.00231496,100.0,99.99768504,0.00231496
1,h12_h62,s5-eth3,1787019233,0.00308664,100.0,99.99691336,0.00308664
1,h12_h62,s1-eth1,1787019234,0.00313288,100.0,99.99686712,0.00313288
1,h12_h62,s2-eth3,1787019234,0.00313288,100.0,99.99686712,0.00313288
1,h12_h62,s5-eth3,1787019234,0.003136,100.0,99.996864,0.003136
1,h12_h62,s1-eth1,1787019235,0.00313288,100.0,99.99686712,0.00313288
1,h12_h62,s2-eth3,1787019235,0.00391608,100.0,99.99608392,0.00391608
1,h12_h62,s5-eth3,1787019235,0.00313288,100.0,99.99686712,0.00313288
1,h12_h62,s1-eth1,1787019236,0.00391608,100.0,99.99608392,0.00391608
1,h12_h62,s2-eth3,1787019236,0.00313288,100.0,99.99686712,0.00313288
1,h12_h62,s5-eth3,1787019236,0.003136,100.0,99.996864,0.003136
1,h12_h62,s1-eth1,1787019237,0.00234496,100.0,99.99765504,0.00234496
1,h12_h62,s2-eth3,1787019237,0.00312664,100.0,99.99687336,0.00312664
1,h12_h62,s5-eth3,1787019237,0.00312664,100.0,99.99687336,0.00312664
1,h12_h62,s1-eth1,1787019238,0.00234968,100.0,99.99765032,0.00234968
1,h12_h62,s2-eth3,1787019238,0.00234968,100.0,99.99765032,0.00234968
1,h12_h62,s5-eth3,1787019238,0.00313288,100.0,99.99686712,0.00313288
1,h12_h62,s1-eth1,1787019239,0.00419312,100.0,99.99580688,0.00419312
1,h12_h62,s2-eth3,1787019239,0.00308968,100.0,99.99691032,0.00308968
1,h12_h62,s5-eth3,1787019239,0.00308968,100.0,99.99691032,0.00308968
1,h13_h63,s1-eth2,1787019210,0.0,100.0,100.0,0.0
1,h13_h63,s4-eth2,1787019210,0.0,100.0,100.0,0.0
1,h13_h63,s5-eth3,1787019210,0.0,100.0,100.0,0.0
1,h13_h63,s1-eth2,1787019211,0.0038582399999999998,100.0,99.99614176,0.00385824
1,h13_h63,s4-eth2,1787019211,0.0038582399999999998,100.0,99.99614176,0.00385824
1,h13_h63,s5-eth3,1787019211,0.0054016,100.0,99.9945984,0.005401600000000001
1,h13_h63,s1-eth2,1787019212,0.00392,100.0,99.99608,0.00392
1,h13_h63,s4-eth2,1787019212,0.00392,100.0,99.99608,0.00392
1,h13_h63,s5-eth3,1787019212,0.003136,100.0,99.996864,0.003136
1,h13_h63,s1-eth2,1787019213,0.003136,100.0,99.996864,0.003136
1,h13_h63,s4-eth2,1787019213,0.003136,100.0,99.996864,0.003136
1,h13_h63,s5-eth3,1787019213,0.003136,100.0,99.996864,0.003136
1,h13_h63,s1-eth2,1787019214,0.002352,100.0,99.997648,0.002352
1,h13_h63,s4-eth2,1787019214,0.002352,100.0,99.997648,0.002352
1,h13_h63,s5-eth3,1787019214,0.002352,100.0,99.997648,0.002352
1,h13_h63,s1-eth2,1787019215,0.00392,100.0,99.99608,0.00392
1,h13_h63,s4-eth2,1787019215,0.00392,100.0,99.99608,0.00392
1,h13_h63,s5-eth3,1787019215,0.00392,100.0,99.99608,0.00392
1,h13_h63,s1-eth2,1787019216,0.002912,100.0,99.997088,0.002912
1,h13_h63,s4-eth2,1787019216,0.002912,100.0,99.997088,0.002912
1,h13_h63,s5-eth3,1787019216,0.00448,100.0,99.99552,0.00448
1,h13_h63,s1-eth2,1787019217,0.00392,100.0,99.99608,0.00392
1,h13_h63,s4-eth2,1787019217,0.00392,100.0,99.99608,0.00392
1,h13_h63,s5-eth3,1787019217,0.00313288,100.0,99.99686712,0.00313288
1,h13_h63,s1-eth2,1787019218,0.00312352,100.0,99.99687648,0.0031235199999999994
1,h13_h63,s4-eth2,1787019218,0.00312352,100.0,99.99687648,0.0031235199999999994
1,h13_h63,s5-eth3,1787019218,0.00312664,100.0,99.99687336,0.00312664
1,h13_h63,s1-eth2,1787019219,0.0031111199999999998,100.0,99.99688888,0.00311112
1,h13_h63,s4-eth2,1787019219,0.00388888,100.0,99.99611112,0.00388888
1,h13_h63,s5-eth3,1787019219,0.0031111199999999998,100.0,99.99688888,0.00311112
1,h13_h63,s1-eth2,1787019220,0.00391608,100.0,99.99608392,0.00391608
1,h13_h63,s4-eth2,1787019220,0.00313288,100.0,99.99686712,0.00313288
1,h13_h63,s5-eth3,1787019220,0.00313288,100.0,99.99686712,0.00313288
1,h13_h63,s1-eth2,1787019221,0.001554,100.0,99.998446,0.001554
1,h13_h63,s4-eth2,1787019221,0.001554,100.0,99.998446,0.001554
1,h13_h63,s5-eth3,1787019221,0.00310496,100.0,99.99689504,0.00310496
1,h13_h63,s1-eth2,1787019222,0.00387352,100.0,99.99612648,0.00387352
1,h13_h63,s4-eth2,1787019222,0.00387352,100.0,99.99612648,0.00387352
1,h13_h63,s5-eth3,1787019222,0.0030988,100.0,99.9969012,0.0030988
1,h13_h63,s1-eth2,1787019223,0.00391608,100.0,99.99608392,0.00391608
1,h13_h63,s4-eth2,1787019223,0.00391608,100.0,99.99608392,0.00391608
1,h13_h63,s5-eth3,1787019223,0.00313288,100.0,99.99686712,0.00313288
1,h13_h63,s1-eth2,1787019224,0.00234968,100.0,99.99765032,0.00234968
1,h13_h63,s4-eth2,1787019224,0.002352,100.0,99.997648,0.002352
1,h13_h63,s5-eth3,1787019224,0.003136,100.0,99.996864,0.003136
1,h13_h63,s1-eth2,1787019225,0.00392,100.0,99.99608,0.00392
1,h13_h63,s4-eth2,1787019225,0.00392,100.0,99.99608,0.00392
1,h13_h63,s5-eth3,1787019225,0.003136,100.0,99.996864,0.003136
1,h13_h63,s1-eth2,1787019226,0.00156176,100.0,99.99843824,0.0015617599999999997
1,h13_h63,s4-eth2,1787019226,0.00156176,100.0,99.99843824,0.0015617599999999997
1,h13_h63,s5-eth3,1787019226,0.00312352,100.0,99.99687648,0.0031235199999999994
1,h13_h63,s1-eth2,1787019227,0.00308664,100.0,99.99691336,0.00308664
1,h13_h63,s4-eth2,1787019227,0.00386208,100.0,99.99613792,0.00386208
1,h13_h63,s5-eth3,1787019227,0.00308968,100.0,99.99691032,0.00308968
1,h13_h63,s1-eth2,1787019228,0.00467128,100.0,99.99532872,0.00467128
1,h13_h63,s4-eth2,1787019228,0.00388888,100.0,99.99611112,0.00388888
1,h13_h63,s5-eth3,1787019228,0.0031111199999999998,100.0,99.99688888,0.00311112
1,h13_h63,s1-eth2,1787019229,0.00313288,100.0,99.99686712,0.00313288
1,h13_h63,s4-eth2,1787019229,0.003136,100.0,99.996864,0.003136
1,h13_h63,s5-eth3,1787019229,0.003136,100.0,99.996864,0.003136
1,h13_h63,s1-eth2,1787019230,0.003136,100.0,99.996864,0.003136
1,h13_h63,s4-eth2,1787019230,0.003136,100.0,99.996864,0.003136
1,h13_h63,s5-eth3,1787019230,0.003136,100.0,99.996864,0.003136
1,h13_h63,s1-eth2,1787019231,0.00313288,100.0,99.99686712,0.00313288
1,h13_h63,s4-eth2,1787019231,0.00313288,100.0,99.99686712,0.00313288
1,h13_h63,s5-eth3,1787019231,0.00313288,100.0,99.99686712,0.00313288
1,h13_h63,s1-eth2,1787019232,0.003108,100.0,99.996892,0.003108
1,h13_h63,s4-eth2,1787019232,0.003108,100.0,99.996892,0.003108
1,h13_h63,s5-eth3,1787019232,0.003108,100.0,99.996892,0.003108
1,h13_h63,s1-eth2,1787019233,0.00308664,100.0,99.99691336,0.00308664
1,h13_h63,s4-eth2,1787019233,0.00308968,100.0,99.99691032,0.00308968
1,h13_h63,s5-eth3,1787019233,0.00308968,100.0,99.99691032,0.00308968
1,h13_h63,s1-eth2,1787019234,0.00313288,100.0,99.99686712,0.00313288
1,h13_h63,s4-eth2,1787019234,0.00313288,100.0,99.99686712,0.00313288
1,h13_h63,s5-eth3,1787019234,0.00313288,100.0,99.99686712,0.00313288
1,h13_h63,s1-eth2,1787019235,0.00313288,100.0,99.99686712,0.00313288
1,h13_h63,s4-eth2,1787019235,0.00313288,100.0,99.99686712,0.00313288
1,h13_h63,s5-eth3,1787019235,0.00313288,100.0,99.99686712,0.00313288
1,h13_h63,s1-eth2,1787019236,0.003136,100.0,99.996864,0.003136
1,h13_h63,s4-eth2,1787019236,0.00313288,100.0,99.99686712,0.00313288
1,h13_h63,s5-eth3,1787019236,0.00313288,100.0,99.99686712,0.00313288
1,h13_h63,s1-eth2,1787019237,0.00312664,100.0,99.99687336,0.00312664
1,h13_h63,s4-eth2,1787019237,0.00312664,100.0,99.99687336,0.00312664
1,h13_h63,s5-eth3,1787019237,0.00312664,100.0,99.99687336,0.00312664
1,h13_h63,s1-eth2,1787019238,0.00234968,100.0,99.99765032,0.00234968
1,h13_h63,s4-eth2,1787019238,0.00313288,100.0,99.99686712,0.00313288
1,h13_h63,s5-eth3,1787019238,0.00313288,100.0,99.99686712,0.00313288
1,h13_h63,s1-eth2,1787019239,0.00308968,100.0,99.99691032,0.00308968
1,h13_h63,s4-eth2,1787019239,0.00308968,100.0,99.99691032,0.00308968
1,h13_h63,s5-eth3,1787019239,0.00308968,100.0,99.99691032,0.00308968
1,h14_h64,s1-eth2,1787019210,0.0,100.0,100.0,0.0
1,h14_h64,s2-eth2,1787019210,0.0,100.0,100.0,0.0
1,h14_h64,s3-eth2,1787019210,0.0,100.0,100.0,0.0
1,h14_h64,s4-eth2,1787019210,0.0,100.0,100.0,0.0
1,h14_h64,s5-eth1,1787019210,0.0,100.0,100.0,0.0
1,h14_h64,s1-eth2,1787019211,0.00312664,100.0,99.99687336,0.00312664
1,h14_h64,s2-eth2,1787019211,20.012896,100.0,79.987104,20.012896
1,h14_h64,s3-eth2,1787019211,19.933958,100.0,80.066042,19.933958
1,h14_h64,s4-eth2,1787019211,0.00312664,100.0,99.99687336,0.00312664
1,h14_h64,s5-eth1,1787019211,0.00468992,100.0,99.99531008,0.00468992
1,h14_h64,s1-eth2,1787019212,0.00392,100.0,99.99608,0.00392
1,h14_h64,s2-eth2,1787019212,21.184976,100.0,78.815024,21.184975999999995
1,h14_h64,s3-eth2,1787019212,21.339936,100.0,78.660064,21.339936
1,h14_h64,s4-eth2,1787019212,0.00392,100.0,99.99608,0.00392
1,h14_h64,s5-eth1,1787019212,0.003136,100.0,99.996864,0.003136
1,h14_h64,s1-eth2,1787019213,0.003136,100.0,99.996864,0.003136
1,h14_h64,s2-eth2,1787019213,20.398256,100.0,79.601744,20.398256
1,h14_h64,s3-eth2,1787019213,20.219456,100.0,79.78054399999999,20.219456
1,h14_h64,s4-eth2,1787019213,0.003136,100.0,99.996864,0.003136
1,h14_h64,s5-eth1,1787019213,0.003136,100.0,99.996864,0.003136
1,h14_h64,s1-eth2,1787019214,0.002352,100.0,99.997648,0.002352
1,h14_h64,s2-eth2,1787019214,20.373632,100.0,79.626368,20.373632
1,h14_h64,s3-eth2,1787019214,20.362496,100.0,79.637504,20.362496
1,h14_h64,s4-eth2,1787019214,0.002352,100.0,99.997648,0.002352
1,h14_h64,s5-eth1,1787019214,0.001568,100.0,99.998432,0.001568
1,h14_h64,s1-eth2,1787019215,0.00392,100.0,99.99608,0.00392
1,h14_h64,s2-eth2,1787019215,21.05464,100.0,78.94536,21.05464
1,h14_h64,s3-eth2,1787019215,21.208816,100.0,78.791184,21.208816
1,h14_h64,s4-eth2,1787019215,0.00392,100.0,99.99608,0.00392
1,h14_h64,s5-eth1,1787019215,0.004704,100.0,99.995296,0.004704
1,h14_h64,s1-eth2,1787019216,0.002912,100.0,99.997088,0.002912
1,h14_h64,s2-eth2,1787019216,20.160416,100.0,79.839584,20.160416
1,h14_h64,s3-eth2,1787019216,20.12544,100.0,79.87456,20.12544
1,h14_h64,s4-eth2,1787019216,0.002912,100.0,99.997088,0.002912
1,h14_h64,s5-eth1,1787019216,0.002912,100.0,99.997088,0.002912
1,h14_h64,s1-eth2,1787019217,0.00392,100.0,99.99608,0.00392
1,h14_h64,s2-eth2,1787019217,20.791616,100.0,79.208384,20.791615999999998
1,h14_h64,s3-eth2,1787019217,20.791616,100.0,79.208384,20.791615999999998
1,h14_h64,s4-eth2,1787019217,0.00392,100.0,99.99608,0.00392
1,h14_h64,s5-eth1,1787019217,0.00392,100.0,99.99608,0.00392
1,h14_h64,s1-eth2,1787019218,0.00312352,100.0,99.99687648,0.0031235199999999994
1,h14_h64,s2-eth2,1787019218,20.50773,100.0,79.49227,20.507729999999995
1,h14_h64,s3-eth2,1787019218,20.590056,100.0,79.409944,20.590056
1,h14_h64,s4-eth2,1787019218,0.00312352,100.0,99.99687648,0.0031235199999999994
1,h14_h64,s5-eth1,1787019218,0.00234264,100.0,99.99765736,0.00234264
1,h14_h64,s1-eth2,1787019219,0.00311424,100.0,99.99688576,0.00311424
1,h14_h64,s2-eth2,1787019219,20.614778,100.0,79.385222,20.614778
1,h14_h64,s3-eth2,1787019219,20.5879,100.0,79.4121,20.5879
1,h14_h64,s4-eth2,1787019219,0.0038927199999999997,100.0,99.99610728,0.0038927199999999997
1,h14_h64,s5-eth1,1787019219,0.00467128,100.0,99.99532872,0.00467128
1,h14_h64,s1-eth2,1787019220,0.00391608,100.0,99.99608392,0.00391608
1,h14_h64,s2-eth2,1787019220,20.818478,100.0,79.181522,20.818478
1,h14_h64,s3-eth2,1787019220,20.86611,100.0,79.13389000000001,20.86611
1,h14_h64,s4-eth2,1787019220,0.00313288,100.0,99.99686712,0.00313288
1,h14_h64,s5-eth1,1787019220,0.00313288,100.0,99.99686712,0.00313288
1,h14_h64,s1-eth2,1787019221,0.001554,100.0,99.998446,0.001554
1,h14_h64,s2-eth2,1787019221,19.79024,100.0,80.20976,19.79024
1,h14_h64,s3-eth2,1787019221,19.779204,100.0,80.220796,19.779204
1,h14_h64,s4-eth2,1787019221,0.001554,100.0,99.998446,0.001554
1,h14_h64,s5-eth1,1787019221,0.001554,100.0,99.998446,0.001554
1,h14_h64,s1-eth2,1787019222,0.00387352,100.0,99.99612648,0.00387352
1,h14_h64,s2-eth2,1787019222,20.627526,100.0,79.372474,20.627526
1,h14_h64,s3-eth2,1787019222,20.614972,100.0,79.385028,20.614972
1,h14_h64,s4-eth2,1787019222,0.00387352,100.0,99.99612648,0.00387352
1,h14_h64,s5-eth1,1787019222,0.00387352,100.0,99.99612648,0.00387352
1,h14_h64,s1-eth2,1787019223,0.00391608,100.0,99.99608392,0.00391608
1,h14_h64,s2-eth2,1787019223,21.438482,100.0,78.561518,21.438482
1,h14_h64,s3-eth2,1787019223,21.426574,100.0,78.573426,21.426574000000002
1,h14_h64,s4-eth2,1787019223,0.00391608,100.0,99.99608392,0.00391608
1,h14_h64,s5-eth1,1787019223,0.00391608,100.0,99.99608392,0.00391608
1,h14_h64,s1-eth2,1787019224,0.00234968,100.0,99.99765032,0.00234968
1,h14_h64,s2-eth2,1787019224,19.889646,100.0,80.110354,19.889646
1,h14_h64,s3-eth2,1787019224,19.794382,100.0,80.205618,19.794382
1,h14_h64,s4-eth2,1787019224,0.00234968,100.0,99.99765032,0.00234968
1,h14_h64,s5-eth1,1787019224,0.00234968,100.0,99.99765032,0.00234968
1,h14_h64,s1-eth2,1787019225,0.00392,100.0,99.99608,0.00392
1,h14_h64,s2-eth2,1787019225,11.101475039999999,100.0,88.89852496,11.101475039999999
1,h14_h64,s3-eth2,1787019225,11.267536,100.0,88.732464,11.267536
1,h14_h64,s4-eth2,1787019225,0.00392,100.0,99.99608,0.00392
1,h14_h64,s5-eth1,1787019225,0.00392,100.0,99.99608,0.00392
1,h14_h64,s1-eth2,1787019226,0.00156176,100.0,99.99843824,0.0015617599999999997
1,h14_h64,s2-eth2,1787019226,0.00234264,100.0,99.99765736,0.00234264
1,h14_h64,s3-eth2,1787019226,0.00234264,100.0,99.99765736,0.00234264
1,h14_h64,s4-eth2,1787019226,0.00156176,100.0,99.99843824,0.0015617599999999997
1,h14_h64,s5-eth1,1787019226,0.00234264,100.0,99.99765736,0.00234264
1,h14_h64,s1-eth2,1787019227,0.00308664,100.0,99.99691336,0.00308664
1,h14_h64,s2-eth2,1787019227,0.00308968,100.0,99.99691032,0.00308968
1,h14_h64,s3-eth2,1787019227,0.00308664,100.0,99.99691336,0.00308664
1,h14_h64,s4-eth2,1787019227,0.0038582399999999998,100.0,99.99614176,0.00385824
1,h14_h64,s5-eth1,1787019227,0.00308664,100.0,99.99691336,0.00308664
1,h14_h64,s1-eth2,1787019228,0.0046666400000000005,100.0,99.99533336,0.0046666400000000005
1,h14_h64,s2-eth2,1787019228,0.00388888,100.0,99.99611112,0.00388888
1,h14_h64,s3-eth2,1787019228,0.0038927199999999997,100.0,99.99610728,0.0038927199999999997
1,h14_h64,s4-eth2,1787019228,0.00388888,100.0,99.99611112,0.00388888
1,h14_h64,s5-eth1,1787019228,0.00388888,100.0,99.99611112,0.00388888
1,h14_h64,s1-eth2,1787019229,0.003136,100.0,99.996864,0.003136
1,h14_h64,s2-eth2,1787019229,0.003136,100.0,99.996864,0.003136
1,h14_h64,s3-eth2,1787019229,0.003136,100.0,99.996864,0.003136
1,h14_h64,s4-eth2,1787019229,0.003136,100.0,99.996864,0.003136
1,h14_h64,s5-eth1,1787019229,0.003136,100.0,99.996864,0.003136
1,h14_h64,s1-eth2,1787019230,0.003136,100.0,99.996864,0.003136
1,h14_h64,s2-eth2,1787019230,0.003136,100.0,99.996864,0.003136
1,h14_h64,s3-eth2,1787019230,0.003136,100.0,99.996864,0.003136
1,h14_h64,s4-eth2,1787019230,0.003136,100.0,99.996864,0.003136
1,h14_h64,s5-eth1,1787019230,0.003136,100.0,99.996864,0.003136
1,h14_h64,s1-eth2,1787019231,0.00313288,100.0,99.99686712,0.00313288
1,h14_h64,s2-eth2,1787019231,0.00313288,100.0,99.99686712,0.00313288
1,h14_h64,s3-eth2,1787019231,0.00313288,100.0,99.99686712,0.00313288
1,h14_h64,s4-eth2,1787019231,0.00313288,100.0,99.99686712,0.00313288
1,h14_h64,s5-eth1,1787019231,0.00313288,100.0,99.99686712,0.00313288
1,h14_h64,s1-eth2,1787019232,0.003108,100.0,99.996892,0.003108
1,h14_h64,s2-eth2,1787019232,0.003108,100.0,99.996892,0.003108
1,h14_h64,s3-eth2,1787019232,0.003108,100.0,99.996892,0.003108
1,h14_h64,s4-eth2,1787019232,0.003108,100.0,99.996892,0.003108
1,h14_h64,s5-eth1,1787019232,0.003108,100.0,99.996892,0.003108
1,h14_h64,s1-eth2,1787019233,0.00308968,100.0,99.99691032,0.00308968
1,h14_h64,s2-eth2,1787019233,0.00308968,100.0,99.99691032,0.00308968
1,h14_h64,s3-eth2,1787019233,0.00308968,100.0,99.99691032,0.00308968
1,h14_h64,s4-eth2,1787019233,0.00308968,100.0,99.99691032,0.00308968
1,h14_h64,s5-eth1,1787019233,0.00231728,100.0,99.99768272,0.00231728
1,h14_h64,s1-eth2,1787019234,0.00313288,100.0,99.99686712,0.00313288
1,h14_h64,s2-eth2,1787019234,0.00313288,100.0,99.99686712,0.00313288
1,h14_h64,s3-eth2,1787019234,0.00313288,100.0,99.99686712,0.00313288
1,h14_h64,s4-eth2,1787019234,0.00313288,100.0,99.99686712,0.00313288
1,h14_h64,s5-eth1,1787019234,0.00313288,100.0,99.99686712,0.00313288
1,h14_h64,s1-eth2,1787019235,0.00313288,100.0,99.99686712,0.00313288
1,h14_h64,s2-eth2,1787019235,0.00313288,100.0,99.99686712,0.00313288
1,h14_h64,s3-eth2,1787019235,0.00313288,100.0,99.99686712,0.00313288
1,h14_h64,s4-eth2,1787019235,0.00313288,100.0,99.99686712,0.00313288
1,h14_h64,s5-eth1,1787019235,0.00391608,100.0,99.99608392,0.00391608
1,h14_h64,s1-eth2,1787019236,0.00313288,100.0,99.99686712,0.00313288
1,h14_h64,s2-eth2,1787019236,0.00313288,100.0,99.99686712,0.00313288
1,h14_h64,s3-eth2,1787019236,0.00313288,100.0,99.99686712,0.00313288
1,h14_h64,s4-eth2,1787019236,0.00313288,100.0,99.99686712,0.00313288
1,h14_h64,s5-eth1,1787019236,0.00313288,100.0,99.99686712,0.00313288
1,h14_h64,s1-eth2,1787019237,0.00312664,100.0,99.99687336,0.00312664
1,h14_h64,s2-eth2,1787019237,0.00312664,100.0,99.99687336,0.00312664
1,h14_h64,s3-eth2,1787019237,0.00312664,100.0,99.99687336,0.00312664
1,h14_h64,s4-eth2,1787019237,0.00312664,100.0,99.99687336,0.00312664
1,h14_h64,s5-eth1,1787019237,0.00312664,100.0,99.99687336,0.00312664
1,h14_h64,s1-eth2,1787019238,0.00234968,100.0,99.99765032,0.00234968
1,h14_h64,s2-eth2,1787019238,0.00313288,100.0,99.99686712,0.00313288
1,h14_h64,s3-eth2,1787019238,0.00313288,100.0,99.99686712,0.00313288
1,h14_h64,s4-eth2,1787019238,0.00313288,100.0,99.99686712,0.00313288
1,h14_h64,s5-eth1,1787019238,0.00234968,100.0,99.99765032,0.00234968
1,h14_h64,s1-eth2,1787019239,0.00308968,100.0,99.99691032,0.00308968
1,h14_h64,s2-eth2,1787019239,0.00342072,100.0,99.99657928,0.00342072
1,h14_h64,s3-eth2,1787019239,0.00308968,100.0,99.99691032,0.00308968
1,h14_h64,s4-eth2,1787019239,0.00308968,100.0,99.99691032,0.00308968
1,h14_h64,s5-eth1,1787019239,0.00308968,100.0,99.99691032,0.00308968
