1786675988.385134,s2-eth2,0.00,0.00,0.00,0,0,0.00,0.00,0.00,0,0,0.00,0.00,0,0
1786675988.385209,s5-eth1,0.00,0.00,0.00,0,0,0.00,0.00,0.00,0,0,0.00,0.00,0,0
1786675988.385254,s3-eth2,0.00,0.00,0.00,0,0,0.00,0.00,0.00,0,0,0.00,0.00,0,0
1786675988.385293,s1-eth2,0.00,0.00,0.00,0,0,0.00,0.00,0.00,0,0,0.00,0.00,0,0
1786675988.385308,s4-eth2,0.00,0.00,0.00,0,0,0.00,0.00,0.00,0,0,0.00,0.00,0,0
1786675988.385335,total,0.00,0.00,0.00,0,0,0.00,0.00,0.00,0,0,0.00,0.00,0,0
1786675989.400624,s2-eth2,386.21,372.41,758.62,378,392,3.94,4.93,8.87,5,4,0.00,0.00,0,0
1786675989.400645,s5-eth1,331.03,331.03,662.07,336,336,3.94,3.94,7.88,4,4,0.00,0.00,0,0
1786675989.400665,s3-eth2,331.03,372.41,703.45,378,336,3.94,4.93,8.87,5,4,0.00,0.00,0,0
1786675989.400692,s1-eth2,386.21,275.86,662.07,280,392,3.94,3.94,7.88,4,4,0.00,0.00,0,0
1786675989.400698,s4-eth2,386.21,275.86,662.07,280,392,3.94,3.94,7.88,4,4,0.00,0.00,0,0
1786675989.400717,total,1820.69,1627.59,3448.28,1652,1848,19.70,21.67,41.38,22,20,0.00,0.00,0,0
1786675990.402259,s2-eth2,195.80,195.80,391.61,196,196,2.00,2.00,4.00,2,2,0.00,0.00,0,0
1786675990.403801,s5-eth1,195.41,195.41,390.83,196,196,1.99,1.99,3.99,2,2,0.00,0.00,0,0
1786675990.403837,s3-eth2,293.12,195.41,488.53,196,294,2.99,1.99,4.99,2,3,0.00,0.00,0,0
1786675990.403880,s1-eth2,195.41,195.41,390.83,196,196,1.99,1.99,3.99,2,2,0.00,0.00,0,0
1786675990.403898,s4-eth2,195.41,293.12,488.53,294,196,1.99,2.99,4.99,3,2,0.00,0.00,0,0
1786675990.403930,total,1074.78,1074.78,2149.55,1078,1078,10.97,10.97,21.93,11,11,0.00,0.00,0,0
1786675991.414990,s2-eth2,193.68,193.68,387.35,196,196,1.98,1.98,3.95,2,2,0.00,0.00,0,0
1786675991.415010,s5-eth1,290.80,193.87,484.67,196,294,2.97,1.98,4.95,2,3,0.00,0.00,0,0
1786675991.415036,s3-eth2,193.87,193.87,387.73,196,196,1.98,1.98,3.96,2,2,0.00,0.00,0,0
1786675991.415087,s1-eth2,193.87,193.87,387.73,196,196,1.98,1.98,3.96,2,2,0.00,0.00,0,0
1786675991.415145,s4-eth2,193.87,193.87,387.73,196,196,1.98,1.98,3.96,2,2,0.00,0.00,0,0
1786675991.415174,total,1066.27,969.34,2035.61,980,1078,10.88,9.89,20.77,10,11,0.00,0.00,0,0
1786675992.429095,s2-eth2,193.29,193.29,386.59,196,196,1.97,1.97,3.94,2,2,0.00,0.00,0,0
1786675992.430134,s5-eth1,193.10,193.10,386.21,196,196,1.97,1.97,3.94,2,2,0.00,0.00,0,0
1786675992.430167,s3-eth2,193.10,289.66,482.76,294,196,1.97,2.96,4.93,3,2,0.00,0.00,0,0
1786675992.430284,s1-eth2,193.10,289.66,482.76,294,196,1.97,2.96,4.93,3,2,0.00,0.00,0,0
1786675992.430356,s4-eth2,193.10,193.10,386.21,196,196,1.97,1.97,3.94,2,2,0.00,0.00,0,0
1786675992.430406,total,965.52,1158.62,2124.14,1176,980,9.85,11.82,21.67,12,10,0.00,0.00,0,0
1786675993.444598,s2-eth2,193.10,193.10,386.21,196,196,1.97,1.97,3.94,2,2,0.00,0.00,0,0
1786675993.444772,s5-eth1,193.29,193.29,386.59,196,196,1.97,1.97,3.94,2,2,0.00,0.00,0,0
1786675993.444801,s3-eth2,193.29,96.65,289.94,98,196,1.97,0.99,2.96,1,2,0.00,0.00,0,0
1786675993.444909,s1-eth2,193.29,96.65,289.94,98,196,1.97,0.99,2.96,1,2,0.00,0.00,0,0
1786675993.444975,s4-eth2,193.29,193.29,386.59,196,196,1.97,1.97,3.94,2,2,0.00,0.00,0,0
1786675993.445021,total,966.47,773.18,1739.65,784,980,9.86,7.89,17.75,8,10,0.00,0.00,0,0
1786675994.459996,s2-eth2,275.86,372.41,648.28,378,280,3.94,4.93,8.87,5,4,0.00,0.00,0,0
1786675994.461133,s5-eth1,275.59,275.59,551.18,280,280,3.94,3.94,7.87,4,4,0.00,0.00,0,0
1786675994.461195,s3-eth2,275.59,372.05,647.64,378,280,3.94,4.92,8.86,5,4,0.00,0.00,0,0
1786675994.461391,s1-eth2,275.59,372.05,647.64,378,280,3.94,4.92,8.86,5,4,0.00,0.00,0,0
1786675994.461441,s4-eth2,275.59,275.59,551.18,280,280,3.94,3.94,7.87,4,4,0.00,0.00,0,0
1786675994.461472,total,1377.95,1667.32,3045.28,1694,1400,19.69,22.64,42.32,23,20,0.00,0.00,0,0
1786675995.465494,s2-eth2,195.02,195.02,390.05,196,196,1.99,1.99,3.98,2,2,0.00,0.00,0,0
1786675995.465516,s5-eth1,195.22,195.22,390.44,196,196,1.99,1.99,3.98,2,2,0.00,0.00,0,0
1786675995.465545,s3-eth2,195.22,195.22,390.44,196,196,1.99,1.99,3.98,2,2,0.00,0.00,0,0
1786675995.465604,s1-eth2,195.22,195.22,390.44,196,196,1.99,1.99,3.98,2,2,0.00,0.00,0,0
1786675995.465711,s4-eth2,195.22,195.22,390.44,196,196,1.99,1.99,3.98,2,2,0.00,0.00,0,0
1786675995.465821,total,976.10,976.10,1952.19,980,980,9.96,9.96,19.92,10,10,0.00,0.00,0,0
1786675996.481201,s2-eth2,193.10,96.55,289.66,98,196,1.97,0.99,2.96,1,2,0.00,0.00,0,0
1786675996.482115,s5-eth1,192.91,192.91,385.83,196,196,1.97,1.97,3.94,2,2,0.00,0.00,0,0
1786675996.482147,s3-eth2,192.91,192.91,385.83,196,196,1.97,1.97,3.94,2,2,0.00,0.00,0,0
1786675996.482257,s1-eth2,192.91,192.91,385.83,196,196,1.97,1.97,3.94,2,2,0.00,0.00,0,0
1786675996.482326,s4-eth2,192.91,192.91,385.83,196,196,1.97,1.97,3.94,2,2,0.00,0.00,0,0
1786675996.482373,total,964.57,868.11,1832.68,882,980,9.84,8.86,18.70,9,10,0.00,0.00,0,0
1786675997.490856,s2-eth2,194.25,194.25,388.50,196,196,1.98,1.98,3.96,2,2,0.00,0.00,0,0
1786675997.491001,s5-eth1,194.44,194.44,388.89,196,196,1.98,1.98,3.97,2,2,0.00,0.00,0,0
1786675997.491041,s3-eth2,194.44,194.44,388.89,196,196,1.98,1.98,3.97,2,2,0.00,0.00,0,0
1786675997.491196,s1-eth2,194.44,194.44,388.89,196,196,1.98,1.98,3.97,2,2,0.00,0.00,0,0
1786675997.491294,s4-eth2,194.44,194.44,388.89,196,196,1.98,1.98,3.97,2,2,0.00,0.00,0,0
1786675997.491350,total,972.22,972.22,1944.44,980,980,9.92,9.92,19.84,10,10,0.00,0.00,0,0
1786675998.492632,s2-eth2,195.80,195.80,391.61,196,196,2.00,2.00,4.00,2,2,0.00,0.00,0,0
1786675998.492860,s5-eth1,195.80,195.80,391.61,196,196,2.00,2.00,4.00,2,2,0.00,0.00,0,0
1786675998.492888,s3-eth2,195.80,195.80,391.61,196,196,2.00,2.00,4.00,2,2,0.00,0.00,0,0
1786675998.492996,s1-eth2,195.80,97.90,293.71,98,196,2.00,1.00,3.00,1,2,0.00,0.00,0,0
1786675998.493073,s4-eth2,195.80,195.80,391.61,196,196,2.00,2.00,4.00,2,2,0.00,0.00,0,0
1786675998.493101,total,979.02,881.12,1860.14,882,980,9.99,8.99,18.98,9,10,0.00,0.00,0,0
1786675999.494347,s2-eth2,195.80,195.80,391.61,196,196,2.00,2.00,4.00,2,2,0.00,0.00,0,0
1786675999.495225,s5-eth1,97.80,195.61,293.41,196,98,1.00,2.00,2.99,2,1,0.00,0.00,0,0
1786675999.495325,s3-eth2,195.61,195.61,391.22,196,196,2.00,2.00,3.99,2,2,0.00,0.00,0,0
1786675999.495716,s1-eth2,195.61,195.61,391.22,196,196,2.00,2.00,3.99,2,2,0.00,0.00,0,0
1786675999.495809,s4-eth2,195.61,97.80,293.41,98,196,2.00,1.00,2.99,1,2,0.00,0.00,0,0
1786675999.495865,total,880.24,880.24,1760.48,882,882,8.98,8.98,17.96,9,9,0.00,0.00,0,0
1786676000.498888,s2-eth2,195.22,195.22,390.44,196,196,1.99,1.99,3.98,2,2,0.00,0.00,0,0
1786676000.498958,s5-eth1,195.41,195.41,390.83,196,196,1.99,1.99,3.99,2,2,0.00,0.00,0,0
1786676000.499037,s3-eth2,195.41,97.71,293.12,98,196,1.99,1.00,2.99,1,2,0.00,0.00,0,0
1786676000.499088,s1-eth2,195.41,195.41,390.83,196,196,1.99,1.99,3.99,2,2,0.00,0.00,0,0
1786676000.499174,s4-eth2,195.41,195.41,390.83,196,196,1.99,1.99,3.99,2,2,0.00,0.00,0,0
1786676000.499208,total,977.07,879.36,1856.43,882,980,9.97,8.97,18.94,9,10,0.00,0.00,0,0
1786676001.509762,s2-eth2,194.06,194.06,388.12,196,196,1.98,1.98,3.96,2,2,0.00,0.00,0,0
1786676001.509885,s5-eth1,194.06,194.06,388.12,196,196,1.98,1.98,3.96,2,2,0.00,0.00,0,0
1786676001.509912,s3-eth2,194.06,194.06,388.12,196,196,1.98,1.98,3.96,2,2,0.00,0.00,0,0
1786676001.509979,s1-eth2,194.06,194.06,388.12,196,196,1.98,1.98,3.96,2,2,0.00,0.00,0,0
1786676001.510062,s4-eth2,194.06,194.06,388.12,196,196,1.98,1.98,3.96,2,2,0.00,0.00,0,0
1786676001.510141,total,970.30,970.30,1940.59,980,980,9.90,9.90,19.80,10,10,0.00,0.00,0,0
1786676002.510658,s2-eth2,196.00,196.00,392.00,196,196,2.00,2.00,4.00,2,2,0.00,0.00,0,0
1786676002.511263,s5-eth1,195.80,195.80,391.61,196,196,2.00,2.00,4.00,2,2,0.00,0.00,0,0
1786676002.511344,s3-eth2,195.80,293.71,489.51,294,196,2.00,3.00,5.00,3,2,0.00,0.00,0,0
1786676002.511401,s1-eth2,195.80,195.80,391.61,196,196,2.00,2.00,4.00,2,2,0.00,0.00,0,0
1786676002.511486,s4-eth2,195.80,195.80,391.61,196,196,2.00,2.00,4.00,2,2,0.00,0.00,0,0
1786676002.511517,total,979.02,1076.92,2055.94,1078,980,9.99,10.99,20.98,11,10,0.00,0.00,0,0
1786676003.526491,s2-eth2,193.10,193.10,386.21,196,196,1.97,1.97,3.94,2,2,0.00,0.00,0,0
1786676003.526513,s5-eth1,289.66,193.10,482.76,196,294,2.96,1.97,4.93,2,3,0.00,0.00,0,0
1786676003.526538,s3-eth2,193.10,193.10,386.21,196,196,1.97,1.97,3.94,2,2,0.00,0.00,0,0
1786676003.526602,s1-eth2,193.10,193.10,386.21,196,196,1.97,1.97,3.94,2,2,0.00,0.00,0,0
1786676003.526736,s4-eth2,193.10,289.66,482.76,294,196,1.97,2.96,4.93,3,2,0.00,0.00,0,0
1786676003.526783,total,1062.07,1062.07,2124.14,1078,1078,10.84,10.84,21.67,11,11,0.00,0.00,0,0
1786676004.530106,s2-eth2,195.41,195.41,390.83,196,196,1.99,1.99,3.99,2,2,0.00,0.00,0,0
1786676004.530185,s5-eth1,195.41,195.41,390.83,196,196,1.99,1.99,3.99,2,2,0.00,0.00,0,0
1786676004.530214,s3-eth2,195.41,97.71,293.12,98,196,1.99,1.00,2.99,1,2,0.00,0.00,0,0
1786676004.530271,s1-eth2,195.41,195.41,390.83,196,196,1.99,1.99,3.99,2,2,0.00,0.00,0,0
1786676004.530339,s4-eth2,195.41,195.41,390.83,196,196,1.99,1.99,3.99,2,2,0.00,0.00,0,0
1786676004.530368,total,977.07,879.36,1856.43,882,980,9.97,8.97,18.94,9,10,0.00,0.00,0,0
1786676005.537735,s2-eth2,194.64,291.96,486.59,294,196,1.99,2.98,4.97,3,2,0.00,0.00,0,0
1786676005.538417,s5-eth1,194.44,291.67,486.11,294,196,1.98,2.98,4.96,3,2,0.00,0.00,0,0
1786676005.538481,s3-eth2,194.44,291.67,486.11,294,196,1.98,2.98,4.96,3,2,0.00,0.00,0,0
1786676005.538580,s1-eth2,194.44,291.67,486.11,294,196,1.98,2.98,4.96,3,2,0.00,0.00,0,0
1786676005.538724,s4-eth2,194.44,194.44,388.89,196,196,1.98,1.98,3.97,2,2,0.00,0.00,0,0
1786676005.538799,total,972.22,1361.11,2333.33,1372,980,9.92,13.89,23.81,14,10,0.00,0.00,0,0
1786676006.554828,s2-eth2,192.72,96.36,289.09,98,196,1.97,0.98,2.95,1,2,0.00,0.00,0,0
1786676006.555648,s5-eth1,192.72,96.36,289.09,98,196,1.97,0.98,2.95,1,2,0.00,0.00,0,0
1786676006.555677,s3-eth2,192.72,192.72,385.45,196,196,1.97,1.97,3.93,2,2,0.00,0.00,0,0
1786676006.555757,s1-eth2,192.72,192.72,385.45,196,196,1.97,1.97,3.93,2,2,0.00,0.00,0,0
1786676006.555876,s4-eth2,192.72,192.72,385.45,196,196,1.97,1.97,3.93,2,2,0.00,0.00,0,0
1786676006.555903,total,963.62,770.89,1734.51,784,980,9.83,7.87,17.70,8,10,0.00,0.00,0,0
1786676007.567580,s2-eth2,193.68,290.51,484.19,294,196,1.98,2.96,4.94,3,2,0.00,0.00,0,0
1786676007.567701,s5-eth1,193.68,290.51,484.19,294,196,1.98,2.96,4.94,3,2,0.00,0.00,0,0
1786676007.567729,s3-eth2,193.68,193.68,387.35,196,196,1.98,1.98,3.95,2,2,0.00,0.00,0,0
1786676007.567761,s1-eth2,193.68,193.68,387.35,196,196,1.98,1.98,3.95,2,2,0.00,0.00,0,0
1786676007.567872,s4-eth2,193.87,193.87,387.73,196,196,1.98,1.98,3.96,2,2,0.00,0.00,0,0
1786676007.567964,total,968.38,1162.06,2130.43,1176,980,9.88,11.86,21.74,12,10,0.00,0.00,0,0
1786676008.579673,s2-eth2,193.68,193.68,387.35,196,196,1.98,1.98,3.95,2,2,0.00,0.00,0,0
1786676008.579882,s5-eth1,193.68,193.68,387.35,196,196,1.98,1.98,3.95,2,2,0.00,0.00,0,0
1786676008.579945,s3-eth2,193.68,193.68,387.35,196,196,1.98,1.98,3.95,2,2,0.00,0.00,0,0
1786676008.580078,s1-eth2,193.68,193.68,387.35,196,196,1.98,1.98,3.95,2,2,0.00,0.00,0,0
1786676008.580121,s4-eth2,193.68,290.51,484.19,294,196,1.98,2.96,4.94,3,2,0.00,0.00,0,0
1786676008.580164,total,968.38,1065.22,2033.60,1078,980,9.88,10.87,20.75,11,10,0.00,0.00,0,0
1786676009.583997,s2-eth2,195.22,195.22,390.44,196,196,1.99,1.99,3.98,2,2,0.00,0.00,0,0
1786676009.585506,s5-eth1,195.02,97.51,292.54,98,196,1.99,1.00,2.99,1,2,0.00,0.00,0,0
1786676009.585630,s3-eth2,195.02,195.02,390.05,196,196,1.99,1.99,3.98,2,2,0.00,0.00,0,0
1786676009.585701,s1-eth2,236.82,195.02,431.84,196,238,2.99,1.99,4.98,2,3,0.00,0.00,0,0
1786676009.585960,s4-eth2,236.82,97.51,334.33,98,238,2.99,1.00,3.98,1,3,0.00,0.00,0,0
1786676009.586009,total,1058.71,780.10,1838.81,784,1064,11.94,7.96,19.90,8,12,0.00,0.00,0,0
1786676010.588203,s2-eth2,195.22,97.61,292.83,98,196,1.99,1.00,2.99,1,2,0.00,0.00,0,0
1786676010.589417,s5-eth1,195.41,237.29,432.70,238,196,1.99,2.99,4.99,3,2,0.00,0.00,0,0
1786676010.589576,s3-eth2,195.41,195.41,390.83,196,196,1.99,1.99,3.99,2,2,0.00,0.00,0,0
1786676010.589636,s1-eth2,195.41,237.29,432.70,238,196,1.99,2.99,4.99,3,2,0.00,0.00,0,0
1786676010.589692,s4-eth2,195.41,237.29,432.70,238,196,1.99,2.99,4.99,3,2,0.00,0.00,0,0
1786676010.589723,total,977.07,1004.99,1982.05,1008,980,9.97,11.96,21.93,12,10,0.00,0.00,0,0
1786676011.596513,s2-eth2,194.44,291.67,486.11,294,196,1.98,2.98,4.96,3,2,0.00,0.00,0,0
1786676011.596534,s5-eth1,236.35,291.96,528.30,294,238,2.98,2.98,5.96,3,3,0.00,0.00,0,0
1786676011.596569,s3-eth2,194.83,194.83,389.66,196,196,1.99,1.99,3.98,2,2,0.00,0.00,0,0
1786676011.596664,s1-eth2,194.64,194.64,389.28,196,196,1.99,1.99,3.97,2,2,0.00,0.00,0,0
1786676011.596802,s4-eth2,194.64,194.64,389.28,196,196,1.99,1.99,3.97,2,2,0.00,0.00,0,0
1786676011.596829,total,1014.90,1167.83,2182.72,1176,1022,10.92,11.92,22.84,12,11,0.00,0.00,0,0
1786676012.599384,s2-eth2,195.61,195.61,391.22,196,196,2.00,2.00,3.99,2,2,0.00,0.00,0,0
1786676012.600144,s5-eth1,195.41,97.71,293.12,98,196,1.99,1.00,2.99,1,2,0.00,0.00,0,0
1786676012.600177,s3-eth2,195.41,195.41,390.83,196,196,1.99,1.99,3.99,2,2,0.00,0.00,0,0
1786676012.600224,s1-eth2,195.41,97.71,293.12,98,196,1.99,1.00,2.99,1,2,0.00,0.00,0,0
1786676012.600241,s4-eth2,195.41,195.41,390.83,196,196,1.99,1.99,3.99,2,2,0.00,0.00,0,0
1786676012.600268,total,977.07,781.66,1758.72,784,980,9.97,7.98,17.95,8,10,0.00,0.00,0,0
1786676013.602836,s2-eth2,195.41,97.71,293.12,98,196,1.99,1.00,2.99,1,2,0.00,0.00,0,0
1786676013.602860,s5-eth1,195.61,195.61,391.22,196,196,2.00,2.00,3.99,2,2,0.00,0.00,0,0
1786676013.602917,s3-eth2,195.61,97.80,293.41,98,196,2.00,1.00,2.99,1,2,0.00,0.00,0,0
1786676013.602968,s1-eth2,195.61,195.61,391.22,196,196,2.00,2.00,3.99,2,2,0.00,0.00,0,0
1786676013.603096,s4-eth2,195.61,195.61,391.22,196,196,2.00,2.00,3.99,2,2,0.00,0.00,0,0
1786676013.603124,total,978.04,782.44,1760.48,784,980,9.98,7.98,17.96,8,10,0.00,0.00,0,0
1786676014.610702,s2-eth2,194.64,291.96,486.59,294,196,1.99,2.98,4.97,3,2,0.00,0.00,0,0
1786676014.611820,s5-eth1,194.44,194.44,388.89,196,196,1.98,1.98,3.97,2,2,0.00,0.00,0,0
1786676014.611896,s3-eth2,194.44,291.67,486.11,294,196,1.98,2.98,4.96,3,2,0.00,0.00,0,0
1786676014.611982,s1-eth2,194.25,291.38,485.63,294,196,1.98,2.97,4.96,3,2,0.00,0.00,0,0
1786676014.612054,s4-eth2,194.44,194.44,388.89,196,196,1.98,1.98,3.97,2,2,0.00,0.00,0,0
1786676014.612106,total,972.22,1263.89,2236.11,1274,980,9.92,12.90,22.82,13,10,0.00,0.00,0,0
1786676015.618215,s2-eth2,194.64,97.32,291.96,98,196,1.99,0.99,2.98,1,2,0.00,0.00,0,0
1786676015.618482,s5-eth1,194.83,194.83,389.66,196,196,1.99,1.99,3.98,2,2,0.00,0.00,0,0
1786676015.618509,s3-eth2,194.83,194.83,389.66,196,196,1.99,1.99,3.98,2,2,0.00,0.00,0,0
1786676015.618611,s1-eth2,194.83,97.42,292.25,98,196,1.99,0.99,2.98,1,2,0.00,0.00,0,0
1786676015.618628,s4-eth2,194.83,194.83,389.66,196,196,1.99,1.99,3.98,2,2,0.00,0.00,0,0
1786676015.618674,total,974.16,779.32,1753.48,784,980,9.94,7.95,17.89,8,10,0.00,0.00,0,0
1786676016.626768,s2-eth2,194.44,194.44,388.89,196,196,1.98,1.98,3.97,2,2,0.00,0.00,0,0
1786676016.627557,s5-eth1,194.25,194.25,388.50,196,196,1.98,1.98,3.96,2,2,0.00,0.00,0,0
1786676016.627642,s3-eth2,194.25,194.25,388.50,196,196,1.98,1.98,3.96,2,2,0.00,0.00,0,0
1786676016.627747,s1-eth2,194.25,291.38,485.63,294,196,1.98,2.97,4.96,3,2,0.00,0.00,0,0
1786676016.627875,s4-eth2,194.25,194.25,388.50,196,196,1.98,1.98,3.96,2,2,0.00,0.00,0,0
1786676016.627913,total,971.26,1068.38,2039.64,1078,980,9.91,10.90,20.81,11,10,0.00,0.00,0,0
1786676017.634534,s2-eth2,2224.43,979.15,3203.57,986,2240,6.95,8.94,15.89,9,7,0.00,0.00,0,0
1786676017.635272,s5-eth1,194.64,194.64,389.28,196,196,1.99,1.99,3.97,2,2,0.00,0.00,0,0
1786676017.635395,s3-eth2,2224.43,979.15,3203.57,986,2240,6.95,8.94,15.89,9,7,0.00,0.00,0,0
1786676017.635437,s1-eth2,194.64,194.64,389.28,196,196,1.99,1.99,3.97,2,2,0.00,0.00,0,0
1786676017.635578,s4-eth2,194.64,194.64,389.28,196,196,1.99,1.99,3.97,2,2,0.00,0.00,0,0
1786676017.635657,total,5032.77,2542.20,7574.98,2560,5068,19.86,23.83,43.69,24,20,0.00,0.00,0,0
