1787019151.142571,s1-eth2,0.00,0.00,0.00,0,0,0.00,0.00,0.00,0,0,0.00,0.00,0,0
1787019151.142669,s4-eth2,0.00,0.00,0.00,0,0,0.00,0.00,0.00,0,0,0.00,0.00,0,0
1787019151.142703,s5-eth3,0.00,0.00,0.00,0,0,0.00,0.00,0.00,0,0,0.00,0.00,0,0
1787019151.142731,total,0.00,0.00,0.00,0,0,0.00,0.00,0.00,0,0,0.00,0.00,0,0
1787019152.143788,s1-eth2,475.52,83.92,559.44,84,476,5.99,2.00,7.99,2,6,0.00,0.00,0,0
1787019152.143873,s4-eth2,475.52,83.92,559.44,84,476,5.99,2.00,7.99,2,6,0.00,0.00,0,0
1787019152.143986,s5-eth3,279.72,279.72,559.44,280,280,4.00,4.00,7.99,4,4,0.00,0.00,0,0
1787019152.144017,total,1230.77,447.55,1678.32,448,1232,15.98,7.99,23.98,8,16,0.00,0.00,0,0
1787019153.144547,s1-eth2,196.00,588.00,784.00,588,196,2.00,6.00,8.00,6,2,0.00,0.00,0,0
1787019153.144894,s4-eth2,195.80,587.41,783.22,588,196,2.00,5.99,7.99,6,2,0.00,0.00,0,0
1787019153.144966,s5-eth3,392.00,392.00,784.00,392,392,4.00,4.00,8.00,4,4,0.00,0.00,0,0
1787019153.144993,total,784.00,1568.00,2352.00,1568,784,8.00,16.00,24.00,16,8,0.00,0.00,0,0
1787019154.145271,s1-eth2,196.00,196.00,392.00,196,196,2.00,2.00,4.00,2,2,0.00,0.00,0,0
1787019154.145337,s4-eth2,196.00,196.00,392.00,196,196,2.00,2.00,4.00,2,2,0.00,0.00,0,0
1787019154.145369,s5-eth3,196.00,196.00,392.00,196,196,2.00,2.00,4.00,2,2,0.00,0.00,0,0
1787019154.145394,total,588.00,588.00,1176.00,588,588,6.00,6.00,12.00,6,6,0.00,0.00,0,0
1787019155.151418,s1-eth2,194.83,0.00,194.83,0,196,1.99,0.00,1.99,0,2,0.00,0.00,0,0
1787019155.151548,s4-eth2,194.83,0.00,194.83,0,196,1.99,0.00,1.99,0,2,0.00,0.00,0,0
1787019155.151606,s5-eth3,97.42,0.00,97.42,0,98,0.99,0.00,0.99,0,1,0.00,0.00,0,0
1787019155.151639,total,487.08,0.00,487.08,0,490,4.97,0.00,4.97,0,5,0.00,0.00,0,0
1787019156.152454,s1-eth2,195.80,195.80,391.61,196,196,2.00,2.00,4.00,2,2,0.00,0.00,0,0
1787019156.152522,s4-eth2,196.00,196.00,392.00,196,196,2.00,2.00,4.00,2,2,0.00,0.00,0,0
1787019156.152610,s5-eth3,293.71,195.80,489.51,196,294,3.00,2.00,5.00,2,3,0.00,0.00,0,0
1787019156.152682,total,685.31,587.41,1272.73,588,686,6.99,5.99,12.99,6,7,0.00,0.00,0,0
1787019157.153013,s1-eth2,196.00,392.00,588.00,392,196,2.00,4.00,6.00,4,2,0.00,0.00,0,0
1787019157.153396,s4-eth2,196.00,392.00,588.00,392,196,2.00,4.00,6.00,4,2,0.00,0.00,0,0
1787019157.153444,s5-eth3,196.00,392.00,588.00,392,196,2.00,4.00,6.00,4,2,0.00,0.00,0,0
1787019157.153492,total,588.00,1176.00,1764.00,1176,588,6.00,12.00,18.00,12,6,0.00,0.00,0,0
1787019158.157808,s1-eth2,278.88,83.67,362.55,84,280,3.98,1.99,5.98,2,4,0.00,0.00,0,0
1787019158.157956,s4-eth2,278.88,83.67,362.55,84,280,3.98,1.99,5.98,2,4,0.00,0.00,0,0
1787019158.158044,s5-eth3,181.27,83.67,264.94,84,182,2.99,1.99,4.98,2,3,0.00,0.00,0,0
1787019158.158070,total,739.04,251.00,990.04,252,742,10.96,5.98,16.93,6,11,0.00,0.00,0,0
1787019159.162538,s1-eth2,195.22,195.22,390.44,196,196,1.99,1.99,3.98,2,2,0.00,0.00,0,0
1787019159.162608,s4-eth2,195.22,292.83,488.05,294,196,1.99,2.99,4.98,3,2,0.00,0.00,0,0
1787019159.162630,s5-eth3,292.83,292.83,585.66,294,294,2.99,2.99,5.98,3,3,0.00,0.00,0,0
1787019159.162645,total,683.27,780.88,1464.14,784,686,6.97,7.97,14.94,8,7,0.00,0.00,0,0
1787019160.163444,s1-eth2,196.00,392.00,588.00,392,196,2.00,4.00,6.00,4,2,0.00,0.00,0,0
1787019160.163514,s4-eth2,196.00,294.00,490.00,294,196,2.00,3.00,5.00,3,2,0.00,0.00,0,0
1787019160.163535,s5-eth3,196.00,196.00,392.00,196,196,2.00,2.00,4.00,2,2,0.00,0.00,0,0
1787019160.163549,total,588.00,882.00,1470.00,882,588,6.00,9.00,15.00,9,6,0.00,0.00,0,0
1787019161.167738,s1-eth2,195.22,97.61,292.83,98,196,1.99,1.00,2.99,1,2,0.00,0.00,0,0
1787019161.167818,s4-eth2,195.22,97.61,292.83,98,196,1.99,1.00,2.99,1,2,0.00,0.00,0,0
1787019161.167837,s5-eth3,97.61,195.22,292.83,196,98,1.00,1.99,2.99,2,1,0.00,0.00,0,0
1787019161.167852,total,488.05,390.44,878.49,392,490,4.98,3.98,8.96,4,5,0.00,0.00,0,0
1787019162.169247,s1-eth2,195.80,97.90,293.71,98,196,2.00,1.00,3.00,1,2,0.00,0.00,0,0
1787019162.169362,s4-eth2,97.90,97.90,195.80,98,98,1.00,1.00,2.00,1,1,0.00,0.00,0,0
1787019162.169384,s5-eth3,195.80,97.90,293.71,98,196,2.00,1.00,3.00,1,2,0.00,0.00,0,0
1787019162.169402,total,489.51,293.71,783.22,294,490,5.00,3.00,7.99,3,5,0.00,0.00,0,0
1787019163.172366,s1-eth2,97.71,195.41,293.12,196,98,1.00,1.99,2.99,2,1,0.00,0.00,0,0
1787019163.172457,s4-eth2,195.41,195.41,390.83,196,196,1.99,1.99,3.99,2,2,0.00,0.00,0,0
1787019163.172580,s5-eth3,195.41,293.12,488.53,294,196,1.99,2.99,4.99,3,2,0.00,0.00,0,0
1787019163.172627,total,488.53,683.95,1172.48,686,490,4.99,6.98,11.96,7,5,0.00,0.00,0,0
1787019164.173197,s1-eth2,196.00,196.00,392.00,196,196,2.00,2.00,4.00,2,2,0.00,0.00,0,0
1787019164.173724,s4-eth2,195.80,195.80,391.61,196,196,2.00,2.00,4.00,2,2,0.00,0.00,0,0
1787019164.173760,s5-eth3,195.80,97.90,293.71,98,196,2.00,1.00,3.00,1,2,0.00,0.00,0,0
1787019164.173791,total,587.41,489.51,1076.92,490,588,5.99,5.00,10.99,5,6,0.00,0.00,0,0
1787019165.174008,s1-eth2,196.00,196.00,392.00,196,196,2.00,2.00,4.00,2,2,0.00,0.00,0,0
1787019165.174070,s4-eth2,196.00,196.00,392.00,196,196,2.00,2.00,4.00,2,2,0.00,0.00,0,0
1787019165.174089,s5-eth3,98.00,196.00,294.00,196,98,1.00,2.00,3.00,2,1,0.00,0.00,0,0
1787019165.174104,total,490.00,588.00,1078.00,588,490,5.00,6.00,11.00,6,5,0.00,0.00,0,0
1787019166.175065,s1-eth2,195.80,195.80,391.61,196,196,2.00,2.00,4.00,2,2,0.00,0.00,0,0
1787019166.175127,s4-eth2,195.80,195.80,391.61,196,196,2.00,2.00,4.00,2,2,0.00,0.00,0,0
1787019166.175154,s5-eth3,195.80,195.80,391.61,196,196,2.00,2.00,4.00,2,2,0.00,0.00,0,0
1787019166.175167,total,587.41,587.41,1174.83,588,588,5.99,5.99,11.99,6,6,0.00,0.00,0,0
1787019167.175350,s1-eth2,196.00,294.00,490.00,294,196,2.00,3.00,5.00,3,2,0.00,0.00,0,0
1787019167.175655,s4-eth2,196.00,294.00,490.00,294,196,2.00,3.00,5.00,3,2,0.00,0.00,0,0
1787019167.175677,s5-eth3,294.00,294.00,588.00,294,294,3.00,3.00,6.00,3,3,0.00,0.00,0,0
1787019167.175695,total,686.00,882.00,1568.00,882,686,7.00,9.00,16.00,9,7,0.00,0.00,0,0
1787019168.183399,s1-eth2,194.44,97.22,291.67,98,196,1.98,0.99,2.98,1,2,0.00,0.00,0,0
1787019168.183465,s4-eth2,194.64,97.32,291.96,98,196,1.99,0.99,2.98,1,2,0.00,0.00,0,0
1787019168.183485,s5-eth3,194.64,194.64,389.28,196,196,1.99,1.99,3.97,2,2,0.00,0.00,0,0
1787019168.183498,total,583.91,389.28,973.19,392,588,5.96,3.97,9.93,4,6,0.00,0.00,0,0
1787019169.184702,s1-eth2,195.80,195.80,391.61,196,196,2.00,2.00,4.00,2,2,0.00,0.00,0,0
1787019169.184761,s4-eth2,195.80,195.80,391.61,196,196,2.00,2.00,4.00,2,2,0.00,0.00,0,0
1787019169.184781,s5-eth3,195.80,97.90,293.71,98,196,2.00,1.00,3.00,1,2,0.00,0.00,0,0
1787019169.184798,total,587.41,489.51,1076.92,490,588,5.99,5.00,10.99,5,6,0.00,0.00,0,0
1787019170.185177,s1-eth2,196.00,196.00,392.00,196,196,2.00,2.00,4.00,2,2,0.00,0.00,0,0
1787019170.185259,s4-eth2,196.00,196.00,392.00,196,196,2.00,2.00,4.00,2,2,0.00,0.00,0,0
1787019170.185279,s5-eth3,196.00,196.00,392.00,196,196,2.00,2.00,4.00,2,2,0.00,0.00,0,0
1787019170.185297,total,588.00,588.00,1176.00,588,588,6.00,6.00,12.00,6,6,0.00,0.00,0,0
1787019171.191176,s1-eth2,194.83,194.83,389.66,196,196,1.99,1.99,3.98,2,2,0.00,0.00,0,0
1787019171.191293,s4-eth2,194.83,194.83,389.66,196,196,1.99,1.99,3.98,2,2,0.00,0.00,0,0
1787019171.191326,s5-eth3,97.42,194.83,292.25,196,98,0.99,1.99,2.98,2,1,0.00,0.00,0,0
1787019171.191350,total,487.08,584.49,1071.57,588,490,4.97,5.96,10.93,6,5,0.00,0.00,0,0
1787019172.191732,s1-eth2,196.00,196.00,392.00,196,196,2.00,2.00,4.00,2,2,0.00,0.00,0,0
1787019172.191797,s4-eth2,196.00,196.00,392.00,196,196,2.00,2.00,4.00,2,2,0.00,0.00,0,0
1787019172.191818,s5-eth3,294.00,196.00,490.00,196,294,3.00,2.00,5.00,2,3,0.00,0.00,0,0
1787019172.191833,total,686.00,588.00,1274.00,588,686,7.00,6.00,13.00,6,7,0.00,0.00,0,0
1787019173.192662,s1-eth2,196.00,196.00,392.00,196,196,2.00,2.00,4.00,2,2,0.00,0.00,0,0
1787019173.192955,s4-eth2,195.80,195.80,391.61,196,196,2.00,2.00,4.00,2,2,0.00,0.00,0,0
1787019173.192984,s5-eth3,195.80,195.80,391.61,196,196,2.00,2.00,4.00,2,2,0.00,0.00,0,0
1787019173.193042,total,587.41,587.41,1174.83,588,588,5.99,5.99,11.99,6,6,0.00,0.00,0,0
1787019174.203643,s1-eth2,194.06,194.06,388.12,196,196,1.98,1.98,3.96,2,2,0.00,0.00,0,0
1787019174.203761,s4-eth2,194.06,194.06,388.12,196,196,1.98,1.98,3.96,2,2,0.00,0.00,0,0
1787019174.203782,s5-eth3,194.06,291.09,485.15,294,196,1.98,2.97,4.95,3,2,0.00,0.00,0,0
1787019174.203814,total,582.18,679.21,1261.39,686,588,5.94,6.93,12.87,7,6,0.00,0.00,0,0
1787019175.204559,s1-eth2,196.00,196.00,392.00,196,196,2.00,2.00,4.00,2,2,0.00,0.00,0,0
1787019175.204646,s4-eth2,196.00,196.00,392.00,196,196,2.00,2.00,4.00,2,2,0.00,0.00,0,0
1787019175.204759,s5-eth3,196.00,196.00,392.00,196,196,2.00,2.00,4.00,2,2,0.00,0.00,0,0
1787019175.204784,total,588.00,588.00,1176.00,588,588,6.00,6.00,12.00,6,6,0.00,0.00,0,0
1787019176.205304,s1-eth2,196.00,196.00,392.00,196,196,2.00,2.00,4.00,2,2,0.00,0.00,0,0
1787019176.205366,s4-eth2,196.00,196.00,392.00,196,196,2.00,2.00,4.00,2,2,0.00,0.00,0,0
1787019176.205601,s5-eth3,196.00,196.00,392.00,196,196,2.00,2.00,4.00,2,2,0.00,0.00,0,0
1787019176.205635,total,588.00,588.00,1176.00,588,588,6.00,6.00,12.00,6,6,0.00,0.00,0,0
1787019177.219330,s1-eth2,193.29,193.29,386.59,196,196,1.97,1.97,3.94,2,2,0.00,0.00,0,0
1787019177.219400,s4-eth2,193.29,193.29,386.59,196,196,1.97,1.97,3.94,2,2,0.00,0.00,0,0
1787019177.219435,s5-eth3,193.48,193.48,386.97,196,196,1.97,1.97,3.95,2,2,0.00,0.00,0,0
1787019177.219448,total,580.45,580.45,1160.91,588,588,5.92,5.92,11.85,6,6,0.00,0.00,0,0
1787019178.221247,s1-eth2,195.80,293.71,489.51,294,196,2.00,3.00,5.00,3,2,0.00,0.00,0,0
1787019178.221487,s4-eth2,195.61,293.41,489.02,294,196,2.00,2.99,4.99,3,2,0.00,0.00,0,0
1787019178.221524,s5-eth3,195.61,195.61,391.22,196,196,2.00,2.00,3.99,2,2,0.00,0.00,0,0
1787019178.221539,total,586.83,782.44,1369.26,784,588,5.99,7.98,13.97,8,6,0.00,0.00,0,0
1787019179.222375,s1-eth2,195.80,97.90,293.71,98,196,2.00,1.00,3.00,1,2,0.00,0.00,0,0
1787019179.222682,s4-eth2,195.80,195.80,391.61,196,196,2.00,2.00,4.00,2,2,0.00,0.00,0,0
1787019179.222742,s5-eth3,195.80,195.80,391.61,196,196,2.00,2.00,4.00,2,2,0.00,0.00,0,0
1787019179.222780,total,587.41,489.51,1076.92,490,588,5.99,5.00,10.99,5,6,0.00,0.00,0,0
1787019180.223192,s1-eth2,196.00,294.00,490.00,294,196,2.00,3.00,5.00,3,2,0.00,0.00,0,0
1787019180.223323,s4-eth2,196.00,196.00,392.00,196,196,2.00,2.00,4.00,2,2,0.00,0.00,0,0
1787019180.223441,s5-eth3,196.00,196.00,392.00,196,196,2.00,2.00,4.00,2,2,0.00,0.00,0,0
1787019180.223490,total,588.00,686.00,1274.00,686,588,6.00,7.00,13.00,7,6,0.00,0.00,0,0
1787019181.224082,s1-eth2,196.00,98.00,294.00,98,196,2.00,1.00,3.00,1,2,0.00,0.00,0,0
1787019181.224132,s4-eth2,196.00,98.00,294.00,98,196,2.00,1.00,3.00,1,2,0.00,0.00,0,0
1787019181.224149,s5-eth3,196.00,98.00,294.00,98,196,2.00,1.00,3.00,1,2,0.00,0.00,0,0
1787019181.224163,total,588.00,294.00,882.00,294,588,6.00,3.00,9.00,3,6,0.00,0.00,0,0
1787019182.224420,s1-eth2,196.00,196.00,392.00,196,196,2.00,2.00,4.00,2,2,0.00,0.00,0,0
1787019182.224476,s4-eth2,196.00,196.00,392.00,196,196,2.00,2.00,4.00,2,2,0.00,0.00,0,0
1787019182.224494,s5-eth3,196.00,196.00,392.00,196,196,2.00,2.00,4.00,2,2,0.00,0.00,0,0
1787019182.224507,total,588.00,588.00,1176.00,588,588,6.00,6.00,12.00,6,6,0.00,0.00,0,0
1787019210.614337,s1-eth2,0.00,0.00,0.00,0,0,0.00,0.00,0.00,0,0,0.00,0.00,0,0
1787019210.615084,s4-eth2,0.00,0.00,0.00,0,0,0.00,0.00,0.00,0,0,0.00,0.00,0,0
1787019210.615151,s5-eth3,0.00,0.00,0.00,0,0,0.00,0.00,0.00,0,0,0.00,0.00,0,0
1787019210.615180,total,0.00,0.00,0.00,0,0,0.00,0.00,0.00,0,0,0.00,0.00,0,0
1787019211.630916,s1-eth2,192.91,289.37,482.28,294,196,1.97,2.95,4.92,3,2,0.00,0.00,0,0
1787019211.631239,s4-eth2,192.91,289.37,482.28,294,196,1.97,2.95,4.92,3,2,0.00,0.00,0,0
1787019211.631352,s5-eth3,289.37,385.83,675.20,392,294,2.95,3.94,6.89,4,3,0.00,0.00,0,0
1787019211.631381,total,675.20,964.57,1639.76,980,686,6.89,9.84,16.73,10,7,0.00,0.00,0,0
1787019212.631569,s1-eth2,196.00,294.00,490.00,294,196,2.00,3.00,5.00,3,2,0.00,0.00,0,0
1787019212.631643,s4-eth2,196.00,294.00,490.00,294,196,2.00,3.00,5.00,3,2,0.00,0.00,0,0
1787019212.631752,s5-eth3,196.00,196.00,392.00,196,196,2.00,2.00,4.00,2,2,0.00,0.00,0,0
1787019212.631823,total,588.00,784.00,1372.00,784,588,6.00,8.00,14.00,8,6,0.00,0.00,0,0
1787019213.632015,s1-eth2,196.00,196.00,392.00,196,196,2.00,2.00,4.00,2,2,0.00,0.00,0,0
1787019213.632277,s4-eth2,196.00,196.00,392.00,196,196,2.00,2.00,4.00,2,2,0.00,0.00,0,0
1787019213.632401,s5-eth3,196.00,196.00,392.00,196,196,2.00,2.00,4.00,2,2,0.00,0.00,0,0
1787019213.632427,total,588.00,588.00,1176.00,588,588,6.00,6.00,12.00,6,6,0.00,0.00,0,0
1787019214.632750,s1-eth2,196.00,98.00,294.00,98,196,2.00,1.00,3.00,1,2,0.00,0.00,0,0
1787019214.632822,s4-eth2,196.00,98.00,294.00,98,196,2.00,1.00,3.00,1,2,0.00,0.00,0,0
1787019214.632930,s5-eth3,196.00,98.00,294.00,98,196,2.00,1.00,3.00,1,2,0.00,0.00,0,0
1787019214.632996,total,588.00,294.00,882.00,294,588,6.00,3.00,9.00,3,6,0.00,0.00,0,0
1787019215.633338,s1-eth2,196.00,294.00,490.00,294,196,2.00,3.00,5.00,3,2,0.00,0.00,0,0
1787019215.633670,s4-eth2,196.00,294.00,490.00,294,196,2.00,3.00,5.00,3,2,0.00,0.00,0,0
1787019215.633741,s5-eth3,196.00,294.00,490.00,294,196,2.00,3.00,5.00,3,2,0.00,0.00,0,0
1787019215.633775,total,588.00,882.00,1470.00,882,588,6.00,9.00,15.00,9,6,0.00,0.00,0,0
1787019216.634109,s1-eth2,280.00,84.00,364.00,84,280,4.00,2.00,6.00,2,4,0.00,0.00,0,0
1787019216.634297,s4-eth2,280.00,84.00,364.00,84,280,4.00,2.00,6.00,2,4,0.00,0.00,0,0
1787019216.634410,s5-eth3,280.00,280.00,560.00,280,280,4.00,4.00,8.00,4,4,0.00,0.00,0,0
1787019216.634470,total,840.00,448.00,1288.00,448,840,12.00,8.00,20.00,8,12,0.00,0.00,0,0
1787019217.634806,s1-eth2,196.00,294.00,490.00,294,196,2.00,3.00,5.00,3,2,0.00,0.00,0,0
1787019217.635205,s4-eth2,196.00,294.00,490.00,294,196,2.00,3.00,5.00,3,2,0.00,0.00,0,0
1787019217.635423,s5-eth3,195.80,195.80,391.61,196,196,2.00,2.00,4.00,2,2,0.00,0.00,0,0
1787019217.635501,total,587.41,783.22,1370.63,784,588,5.99,7.99,13.99,8,6,0.00,0.00,0,0
1787019218.638927,s1-eth2,195.22,195.22,390.44,196,196,1.99,1.99,3.98,2,2,0.00,0.00,0,0
1787019218.639243,s4-eth2,195.22,195.22,390.44,196,196,1.99,1.99,3.98,2,2,0.00,0.00,0,0
1787019218.639368,s5-eth3,195.41,195.41,390.83,196,196,1.99,1.99,3.99,2,2,0.00,0.00,0,0
1787019218.639392,total,586.24,586.24,1172.48,588,588,5.98,5.98,11.96,6,6,0.00,0.00,0,0
1787019219.647708,s1-eth2,194.44,194.44,388.89,196,196,1.98,1.98,3.97,2,2,0.00,0.00,0,0
1787019219.647775,s4-eth2,194.44,291.67,486.11,294,196,1.98,2.98,4.96,3,2,0.00,0.00,0,0
1787019219.647807,s5-eth3,194.44,194.44,388.89,196,196,1.98,1.98,3.97,2,2,0.00,0.00,0,0
1787019219.647841,total,583.33,680.56,1263.89,686,588,5.95,6.94,12.90,7,6,0.00,0.00,0,0
1787019220.648967,s1-eth2,195.80,293.71,489.51,294,196,2.00,3.00,5.00,3,2,0.00,0.00,0,0
1787019220.649127,s4-eth2,195.80,195.80,391.61,196,196,2.00,2.00,4.00,2,2,0.00,0.00,0,0
1787019220.649173,s5-eth3,195.80,195.80,391.61,196,196,2.00,2.00,4.00,2,2,0.00,0.00,0,0
1787019220.649250,total,587.41,685.31,1272.73,686,588,5.99,6.99,12.99,7,6,0.00,0.00,0,0
1787019221.658865,s1-eth2,194.25,0.00,194.25,0,196,1.98,0.00,1.98,0,2,0.00,0.00,0,0
1787019221.659106,s4-eth2,194.25,0.00,194.25,0,196,1.98,0.00,1.98,0,2,0.00,0.00,0,0
1787019221.659261,s5-eth3,194.06,194.06,388.12,196,196,1.98,1.98,3.96,2,2,0.00,0.00,0,0
1787019221.659359,total,582.18,194.06,776.24,196,588,5.94,1.98,7.92,2,6,0.00,0.00,0,0
1787019222.671661,s1-eth2,193.68,290.51,484.19,294,196,1.98,2.96,4.94,3,2,0.00,0.00,0,0
1787019222.671759,s4-eth2,193.68,290.51,484.19,294,196,1.98,2.96,4.94,3,2,0.00,0.00,0,0
1787019222.671966,s5-eth3,193.68,193.68,387.35,196,196,1.98,1.98,3.95,2,2,0.00,0.00,0,0
1787019222.672029,total,581.03,774.70,1355.73,784,588,5.93,7.91,13.83,8,6,0.00,0.00,0,0
1787019223.672761,s1-eth2,195.80,293.71,489.51,294,196,2.00,3.00,5.00,3,2,0.00,0.00,0,0
1787019223.673282,s4-eth2,195.80,293.71,489.51,294,196,2.00,3.00,5.00,3,2,0.00,0.00,0,0
1787019223.673430,s5-eth3,195.80,195.80,391.61,196,196,2.00,2.00,4.00,2,2,0.00,0.00,0,0
1787019223.673479,total,587.41,783.22,1370.63,784,588,5.99,7.99,13.99,8,6,0.00,0.00,0,0
1787019224.674129,s1-eth2,195.80,97.90,293.71,98,196,2.00,1.00,3.00,1,2,0.00,0.00,0,0
1787019224.674269,s4-eth2,196.00,98.00,294.00,98,196,2.00,1.00,3.00,1,2,0.00,0.00,0,0
1787019224.674376,s5-eth3,196.00,196.00,392.00,196,196,2.00,2.00,4.00,2,2,0.00,0.00,0,0
1787019224.674444,total,588.00,392.00,980.00,392,588,6.00,4.00,10.00,4,6,0.00,0.00,0,0
1787019225.674867,s1-eth2,196.00,294.00,490.00,294,196,2.00,3.00,5.00,3,2,0.00,0.00,0,0
1787019225.675200,s4-eth2,196.00,294.00,490.00,294,196,2.00,3.00,5.00,3,2,0.00,0.00,0,0
1787019225.675324,s5-eth3,196.00,196.00,392.00,196,196,2.00,2.00,4.00,2,2,0.00,0.00,0,0
1787019225.675392,total,588.00,784.00,1372.00,784,588,6.00,8.00,14.00,8,6,0.00,0.00,0,0
1787019226.678956,s1-eth2,195.22,0.00,195.22,0,196,1.99,0.00,1.99,0,2,0.00,0.00,0,0
1787019226.679361,s4-eth2,195.22,0.00,195.22,0,196,1.99,0.00,1.99,0,2,0.00,0.00,0,0
1787019226.679559,s5-eth3,195.22,195.22,390.44,196,196,1.99,1.99,3.98,2,2,0.00,0.00,0,0
1787019226.679601,total,585.66,195.22,780.88,196,588,5.98,1.99,7.97,2,6,0.00,0.00,0,0
1787019227.695014,s1-eth2,192.91,192.91,385.83,196,196,1.97,1.97,3.94,2,2,0.00,0.00,0,0
1787019227.695175,s4-eth2,193.10,289.66,482.76,294,196,1.97,2.96,4.93,3,2,0.00,0.00,0,0
1787019227.695298,s5-eth3,193.10,193.10,386.21,196,196,1.97,1.97,3.94,2,2,0.00,0.00,0,0
1787019227.695345,total,579.31,675.86,1255.17,686,588,5.91,6.90,12.81,7,6,0.00,0.00,0,0
1787019228.703003,s1-eth2,194.64,389.28,583.91,392,196,1.99,3.97,5.96,4,2,0.00,0.00,0,0
1787019228.703610,s4-eth2,194.44,291.67,486.11,294,196,1.98,2.98,4.96,3,2,0.00,0.00,0,0
1787019228.703643,s5-eth3,194.44,194.44,388.89,196,196,1.98,1.98,3.97,2,2,0.00,0.00,0,0
1787019228.703668,total,583.33,875.00,1458.33,882,588,5.95,8.93,14.88,9,6,0.00,0.00,0,0
1787019229.704010,s1-eth2,195.80,195.80,391.61,196,196,2.00,2.00,4.00,2,2,0.00,0.00,0,0
1787019229.704079,s4-eth2,196.00,196.00,392.00,196,196,2.00,2.00,4.00,2,2,0.00,0.00,0,0
1787019229.704181,s5-eth3,196.00,196.00,392.00,196,196,2.00,2.00,4.00,2,2,0.00,0.00,0,0
1787019229.704210,total,588.00,588.00,1176.00,588,588,6.00,6.00,12.00,6,6,0.00,0.00,0,0
1787019230.704397,s1-eth2,196.00,196.00,392.00,196,196,2.00,2.00,4.00,2,2,0.00,0.00,0,0
1787019230.704912,s4-eth2,196.00,196.00,392.00,196,196,2.00,2.00,4.00,2,2,0.00,0.00,0,0
1787019230.705020,s5-eth3,196.00,196.00,392.00,196,196,2.00,2.00,4.00,2,2,0.00,0.00,0,0
1787019230.705053,total,588.00,588.00,1176.00,588,588,6.00,6.00,12.00,6,6,0.00,0.00,0,0
1787019231.705975,s1-eth2,195.80,195.80,391.61,196,196,2.00,2.00,4.00,2,2,0.00,0.00,0,0
1787019231.706051,s4-eth2,195.80,195.80,391.61,196,196,2.00,2.00,4.00,2,2,0.00,0.00,0,0
1787019231.706271,s5-eth3,195.80,195.80,391.61,196,196,2.00,2.00,4.00,2,2,0.00,0.00,0,0
1787019231.706297,total,587.41,587.41,1174.83,588,588,5.99,5.99,11.99,6,6,0.00,0.00,0,0
1787019232.714992,s1-eth2,194.25,194.25,388.50,196,196,1.98,1.98,3.96,2,2,0.00,0.00,0,0
1787019232.715558,s4-eth2,194.25,194.25,388.50,196,196,1.98,1.98,3.96,2,2,0.00,0.00,0,0
1787019232.715674,s5-eth3,194.25,194.25,388.50,196,196,1.98,1.98,3.96,2,2,0.00,0.00,0,0
1787019232.715721,total,582.76,582.76,1165.51,588,588,5.95,5.95,11.89,6,6,0.00,0.00,0,0
1787019233.731268,s1-eth2,192.91,192.91,385.83,196,196,1.97,1.97,3.94,2,2,0.00,0.00,0,0
1787019233.731364,s4-eth2,193.10,193.10,386.21,196,196,1.97,1.97,3.94,2,2,0.00,0.00,0,0
1787019233.731584,s5-eth3,193.10,193.10,386.21,196,196,1.97,1.97,3.94,2,2,0.00,0.00,0,0
1787019233.731705,total,579.31,579.31,1158.62,588,588,5.91,5.91,11.82,6,6,0.00,0.00,0,0
1787019234.732294,s1-eth2,195.80,195.80,391.61,196,196,2.00,2.00,4.00,2,2,0.00,0.00,0,0
1787019234.732781,s4-eth2,195.80,195.80,391.61,196,196,2.00,2.00,4.00,2,2,0.00,0.00,0,0
1787019234.732889,s5-eth3,195.80,195.80,391.61,196,196,2.00,2.00,4.00,2,2,0.00,0.00,0,0
1787019234.732927,total,587.41,587.41,1174.83,588,588,5.99,5.99,11.99,6,6,0.00,0.00,0,0
1787019235.734023,s1-eth2,195.80,195.80,391.61,196,196,2.00,2.00,4.00,2,2,0.00,0.00,0,0
1787019235.734094,s4-eth2,195.80,195.80,391.61,196,196,2.00,2.00,4.00,2,2,0.00,0.00,0,0
1787019235.734305,s5-eth3,195.80,195.80,391.61,196,196,2.00,2.00,4.00,2,2,0.00,0.00,0,0
1787019235.734383,total,587.41,587.41,1174.83,588,588,5.99,5.99,11.99,6,6,0.00,0.00,0,0
1787019236.734874,s1-eth2,196.00,196.00,392.00,196,196,2.00,2.00,4.00,2,2,0.00,0.00,0,0
1787019236.735471,s4-eth2,195.80,195.80,391.61,196,196,2.00,2.00,4.00,2,2,0.00,0.00,0,0
1787019236.735605,s5-eth3,195.80,195.80,391.61,196,196,2.00,2.00,4.00,2,2,0.00,0.00,0,0
1787019236.735645,total,587.41,587.41,1174.83,588,588,5.99,5.99,11.99,6,6,0.00,0.00,0,0
1787019237.738690,s1-eth2,195.41,195.41,390.83,196,196,1.99,1.99,3.99,2,2,0.00,0.00,0,0
1787019237.738788,s4-eth2,195.41,195.41,390.83,196,196,1.99,1.99,3.99,2,2,0.00,0.00,0,0
1787019237.738999,s5-eth3,195.41,195.41,390.83,196,196,1.99,1.99,3.99,2,2,0.00,0.00,0,0
1787019237.739194,total,586.24,586.24,1172.48,588,588,5.98,5.98,11.96,6,6,0.00,0.00,0,0
1787019238.739788,s1-eth2,195.80,97.90,293.71,98,196,2.00,1.00,3.00,1,2,0.00,0.00,0,0
1787019238.740321,s4-eth2,195.80,195.80,391.61,196,196,2.00,2.00,4.00,2,2,0.00,0.00,0,0
1787019238.740448,s5-eth3,195.80,195.80,391.61,196,196,2.00,2.00,4.00,2,2,0.00,0.00,0,0
1787019238.740480,total,587.41,489.51,1076.92,490,588,5.99,5.00,10.99,5,6,0.00,0.00,0,0
1787019239.755360,s1-eth2,193.10,193.10,386.21,196,196,1.97,1.97,3.94,2,2,0.00,0.00,0,0
1787019239.755522,s4-eth2,193.10,193.10,386.21,196,196,1.97,1.97,3.94,2,2,0.00,0.00,0,0
1787019239.755614,s5-eth3,193.10,193.10,386.21,196,196,1.97,1.97,3.94,2,2,0.00,0.00,0,0
1787019239.755666,total,579.31,579.31,1158.62,588,588,5.91,5.91,11.82,6,6,0.00,0.00,0,0
